SET FOREIGN_KEY_CHECKS = 0; INSERT INTO edms_ac_account_heads VALUES("2","Current Assets","0");
INSERT INTO edms_ac_account_heads VALUES("6","Capital Account","0");
INSERT INTO edms_ac_account_heads VALUES("7","Current Liabilities","0");
INSERT INTO edms_ac_account_heads VALUES("10","Suspense Account","0");
INSERT INTO edms_ac_account_heads VALUES("12","Loans & Advances","2");
INSERT INTO edms_ac_account_heads VALUES("13","Sundry Debtors","2");
INSERT INTO edms_ac_account_heads VALUES("14","Cash In Hand","2");
INSERT INTO edms_ac_account_heads VALUES("15","Bank Accounts","2");
INSERT INTO edms_ac_account_heads VALUES("16","Duties & Taxes","7");
INSERT INTO edms_ac_account_heads VALUES("17","Provisions","7");
INSERT INTO edms_ac_account_heads VALUES("18","Sundry Creditors","7");
INSERT INTO edms_ac_account_heads VALUES("19","Fixed Assets","0");
INSERT INTO edms_ac_account_heads VALUES("20","Direct Income","0");
INSERT INTO edms_ac_account_heads VALUES("21","Indirect Income ","0");
INSERT INTO edms_ac_account_heads VALUES("22","Direct Expenses","0");
INSERT INTO edms_ac_account_heads VALUES("23","Indirect Expenses","0");
INSERT INTO edms_ac_account_heads VALUES("24","Investments","0");
INSERT INTO edms_ac_account_heads VALUES("25","Loans &amp; Liablities","0");
INSERT INTO edms_ac_account_heads VALUES("26","Bank (od) Account Credit","25");
INSERT INTO edms_ac_account_heads VALUES("27","Secured Loans","25");
INSERT INTO edms_ac_account_heads VALUES("28","Unsecured Loans","25");
INSERT INTO edms_ac_account_heads VALUES("31","Misscellaneous Exp.(asset)","0");
INSERT INTO edms_ac_account_heads VALUES("33","Reserves & Surplus","6");
INSERT INTO edms_ac_account_heads VALUES("34","Stock In Hand","2");
INSERT INTO edms_ac_account_heads VALUES("36","Salary","23");
INSERT INTO edms_ac_account_heads VALUES("37","Deposits","2");
INSERT INTO edms_ac_account_heads VALUES("38","Purchase","0");
INSERT INTO edms_ac_account_heads VALUES("39","Sales","0");










































INSERT INTO edms_ac_jv_types VALUES("1","Transportation Jv","0");
INSERT INTO edms_ac_jv_types VALUES("2","Demo","1");
INSERT INTO edms_ac_jv_types VALUES("3","Replacement","1");



INSERT INTO edms_ac_ledgers VALUES("4","Vrushank","18","NA","NA","3","2","111111","0","0","0","0","0","0","2014-10-16","0","0","0","1970-01-01 00:00:00","NA","2","2","2016-07-21","2016-07-21","27","27","7",NULL);
INSERT INTO edms_ac_ledgers VALUES("5","Jeet Patel","18","NA","NA","3","2","111111","0","0","0","0","0","0","2014-10-16","0","0","0","1970-01-01 00:00:00","NA","2","2","2016-07-21","2016-07-21","27","27","7",NULL);
INSERT INTO edms_ac_ledgers VALUES("6","Harish","13","NA","NA","3","2","111111","0","0","0","0","0","0","2014-10-16","0","0","0","1970-01-01 00:00:00","NA","2","2","2016-11-25","2016-11-25","27","27","6",NULL);









INSERT INTO edms_ac_main_settings VALUES("1","/vcarry/","C:\\\\gDrive","1","2016-04-01","ITE","0","4,1","","","2","0","0","1","1","0","1","0","1","Delivery Challan","0","1","1","1","Sales","0","0","1","1","Agent","1","1","1","0","0","0","1","0","0","0","4","0","0","Consulting Income","0","0");









INSERT INTO edms_ac_payment_modes VALUES("1","Cheque/DD");
INSERT INTO edms_ac_payment_modes VALUES("2","Electonic Fund Transfer");
INSERT INTO edms_ac_payment_modes VALUES("3","Others");



INSERT INTO edms_ac_period_date VALUES("1","2015-04-01","2016-03-31","2016-11-26","2","0","27","2016-11-26 14:42:12");
INSERT INTO edms_ac_period_date VALUES("2","2014-04-01","2015-03-31","2015-01-05","1","0","28","2015-01-05 19:36:13");
INSERT INTO edms_ac_period_date VALUES("3","2014-04-01","2015-03-31","2014-11-15","1","0","29","2014-11-15 18:28:40");
INSERT INTO edms_ac_period_date VALUES("4","2014-04-01","2015-03-31","2014-11-19","1","0","37","2014-12-30 18:29:18");
INSERT INTO edms_ac_period_date VALUES("5","2014-04-01","2015-03-31","2015-01-03","1","0","38","2015-01-03 21:10:46");
INSERT INTO edms_ac_period_date VALUES("6","1970-01-01","1970-01-01","2014-12-02","1","0","39","2014-12-02 17:09:42");
INSERT INTO edms_ac_period_date VALUES("7","1970-01-01","1970-01-01","2014-12-05","1","0","40","2014-12-05 19:41:19");
INSERT INTO edms_ac_period_date VALUES("8","1970-01-01","1970-01-01","2014-12-09","1","0","41","2014-12-09 16:42:45");
INSERT INTO edms_ac_period_date VALUES("9","1970-01-01","1970-01-01","2014-12-09","1","0","42","2014-12-09 16:44:13");
INSERT INTO edms_ac_period_date VALUES("10","1970-01-01","1970-01-01","2014-12-11","1","0","43","2014-12-11 18:23:30");
INSERT INTO edms_ac_period_date VALUES("11","1970-01-01","1970-01-01","2014-12-18","1","0","44","2014-12-18 18:45:24");
INSERT INTO edms_ac_period_date VALUES("12","1970-01-01","1970-01-01","2014-12-31","1","0","45","2014-12-31 16:29:00");
INSERT INTO edms_ac_period_date VALUES("13","2015-04-01","2016-03-31","2015-04-25","1","0","46","2015-04-25 13:15:47");
INSERT INTO edms_ac_period_date VALUES("14","1970-01-01","1970-01-01","2016-03-15","0","0","47","2016-03-15 18:51:00");

























































INSERT INTO edms_ac_settings VALUES("2","1","2","2014-10-16",NULL,NULL,NULL,NULL,NULL);









INSERT INTO edms_ac_voucher_types VALUES("1","Bank Payment");
INSERT INTO edms_ac_voucher_types VALUES("2","Bank Receipt");
INSERT INTO edms_ac_voucher_types VALUES("3","Cash Payment");
INSERT INTO edms_ac_voucher_types VALUES("4","Cash Receipt");



INSERT INTO edms_admin VALUES("27","mostpatel@gmail.com","jeet","jeet","2aSOXQ0Gkx5NA","2016-11-26 14:42:12","2014-07-03 00:00:00","2014-07-03 00:00:00","2a10820487a25b115131673d3c","1");
INSERT INTO edms_admin VALUES("28","jadav89jayesh@gmail.com","jayesh jadav","jayesh","2amnt8ZYJY9RY","2015-01-07 11:09:30","2014-09-02 14:40:41","2014-09-02 14:40:41","2a109117d1bfe176ac219e5bab","0");
INSERT INTO edms_admin VALUES("29","yashahir9274@gmail.com","YASH AHIR","yash","2amnt8ZYJY9RY","2014-12-01 20:02:38","2014-10-08 20:00:02","2014-10-08 20:00:02","2a1045ed0a6173d76c00c95aec","0");
INSERT INTO edms_admin VALUES("30","YESHAHIR@GMAIL.COM","BHARATBHAI DABHI","BHARAT","2amnt8ZYJY9RY","2014-11-15 13:57:09","2014-11-13 20:33:54","2014-11-13 20:33:54","2a104740007480f59d3b482a3b","0");
INSERT INTO edms_admin VALUES("31","YASHAHIR9274@GMAIL.COM","bharat dabhi","bharat","2amnt8ZYJY9RY","2014-11-15 18:56:58","2014-11-15 18:54:05","2014-11-15 18:54:05","2a10f3fa50ffb0f67d91fee6d7","0");
INSERT INTO edms_admin VALUES("32","vaibhavauto1971@yahoo.co.in","d v ahir","devabhai","2amnt8ZYJY9RY","2014-11-15 19:00:14","2014-11-15 19:00:02","2014-11-15 19:00:02","2a10d5148fc2381c9269b53d40","0");
INSERT INTO edms_admin VALUES("33","vaibhavauto1971@yahoo.com","D V AHIR","devabhai","2amnt8ZYJY9RY","2014-11-16 13:36:13","2014-11-16 13:35:51","2014-11-16 13:35:51","2a10ac3f103804fafce4693184","0");
INSERT INTO edms_admin VALUES("34","vaibhavauto1971@yahoo.com","D V AHIR","devabhai","2amnt8ZYJY9RY","2014-11-16 17:24:16","2014-11-16 13:42:41","2014-11-16 13:42:41","2a10c9774def42c6061765957a","0");
INSERT INTO edms_admin VALUES("35","BHARATDABHI5501@GMAIL.COM","BHARAT DABHI","BHARAT","2amnt8ZYJY9RY","2014-11-19 16:31:13","2014-11-19 16:31:03","2014-11-19 16:31:03","2a10788e763f6e0000fd238b82","0");
INSERT INTO edms_admin VALUES("36","krunal88@gmail.com","krunal","krunal","2amnt8ZYJY9RY","2014-11-25 15:43:07","2014-11-25 15:42:58","2014-11-25 15:42:58","2a1096758e29c6045c5f94502c","0");
INSERT INTO edms_admin VALUES("37","BHARATDABHI5501@GMAIL.COM","bharatbhai","bharat","2amnt8ZYJY9RY","2015-01-06 17:34:00","2014-12-01 17:43:14","2014-12-01 17:43:14","2a103f1aefae2819b7999b4b33","0");
INSERT INTO edms_admin VALUES("38","devabhai@gmail.com","devabhai","devabhai","2amnt8ZYJY9RY","2015-01-05 09:43:16","2014-12-01 17:44:53","2014-12-01 17:44:53","2a1029109a093e6df3a06d3f65","0");
INSERT INTO edms_admin VALUES("39","yashahir43973@gmail.com","yash ahir","yash","2aJBMK6m72xZY","2014-12-02 17:09:25","2014-12-01 20:24:07","2014-12-01 20:24:07","2a103d1009527c10d54b2d1c87","0");
INSERT INTO edms_admin VALUES("40","yashahir43973@gmail.com","Yash Ahir","yash","2amnt8ZYJY9RY","2014-12-05 19:40:27","2014-12-02 20:50:53","2014-12-02 20:50:53","2a102e562dd5f258b3bc0e2155","0");
INSERT INTO edms_admin VALUES("41","yashahir43973@gmail.com","yash ahir","yash","2amnt8ZYJY9RY","2014-12-09 16:41:05","2014-12-09 16:40:53","2014-12-09 16:40:53","2a10d6cd51c2daa87b48175f0b","0");
INSERT INTO edms_admin VALUES("42","yashahir43973@gmail.com","yash ahir","yash","2ahYS0kG3wbWM","2014-12-09 16:43:45","2014-12-09 16:43:29","2014-12-09 16:43:29","2a10e09b0fc5d7360f2154f0f2","0");
INSERT INTO edms_admin VALUES("43","yashahir43973@gmail.com","yash ahir","yash","2amnt8ZYJY9RY","2014-12-11 18:22:01","2014-12-11 18:21:43","2014-12-11 18:21:43","2a10967ab5b709fb187888c85c","0");
INSERT INTO edms_admin VALUES("44","yashahir43973@gmail.com","Yash Ahir","yash","2amnt8ZYJY9RY","2014-12-18 18:44:59","2014-12-18 15:42:09","2014-12-18 15:42:09","2a10b5fb58f14cad81612e5f77","0");
INSERT INTO edms_admin VALUES("45","yashahir43973@gmail.com","yash ahir","yash","2amnt8ZYJY9RY","2014-12-31 16:28:10","2014-12-31 16:27:48","2014-12-31 16:27:48","2a104ffd2b18cd9d0d34597816","0");
INSERT INTO edms_admin VALUES("46","test@gmail.com","test","test","2amnt8ZYJY9RY","2015-04-25 13:15:14","2015-04-25 13:15:07","2015-04-25 13:15:07","2a1047a7797a9eb6aa1ddbffb7","0");
INSERT INTO edms_admin VALUES("47","test@gmail.com","test","test","2amnt8ZYJY9RY","2016-03-15 18:51:00","2016-03-15 18:50:52","2016-03-15 18:50:52","2a10d40c2b91d893adcd9de529","1");



INSERT INTO edms_admin_right VALUES("1","Read");
INSERT INTO edms_admin_right VALUES("2","Insert");
INSERT INTO edms_admin_right VALUES("3","Update");
INSERT INTO edms_admin_right VALUES("4","Delete");
INSERT INTO edms_admin_right VALUES("5","Print");
INSERT INTO edms_admin_right VALUES("6","User Management");
INSERT INTO edms_admin_right VALUES("7","All Rights");
INSERT INTO edms_admin_right VALUES("8","Delete Reminder");
INSERT INTO edms_admin_right VALUES("9","update Unfinalized jobcard");
INSERT INTO edms_admin_right VALUES("101","Job Card Reports");
INSERT INTO edms_admin_right VALUES("105","Reminders Reports");
INSERT INTO edms_admin_right VALUES("199","All Reports");



INSERT INTO edms_backups VALUES("1","2014-10-01 14:23:10","dbbackup1412153590961c66a153a5b3aef1c45ca4f1a0cd3a.sql");
INSERT INTO edms_backups VALUES("2","2014-10-01 14:23:34","dbbackup1412153614961c66a153a5b3aef1c45ca4f1a0cd3a.sql");
INSERT INTO edms_backups VALUES("3","2014-10-16 17:06:14","dbbackup141345937487f689dddc03b21b912193ed085f1f94.sql");
INSERT INTO edms_backups VALUES("4","2014-10-30 20:16:30","dbbackup1414680390bfbd05f9c62fb6450b72f42873548af3.sql");
INSERT INTO edms_backups VALUES("5","2014-11-01 21:21:23","dbbackup1414857083bfbd05f9c62fb6450b72f42873548af3.sql");
INSERT INTO edms_backups VALUES("6","2014-11-10 21:02:57","dbbackup14156335775eb9fc4af52e2493cbe047857028cd02.sql");
INSERT INTO edms_backups VALUES("7","2014-11-12 16:29:21","dbbackup14157899615eb9fc4af52e2493cbe047857028cd02.sql");
INSERT INTO edms_backups VALUES("8","2014-11-23 15:46:48","dbbackup14167378085eb9fc4af52e2493cbe047857028cd02.sql");
INSERT INTO edms_backups VALUES("9","2014-12-03 10:33:13","dbbackup14175829935eb9fc4af52e2493cbe047857028cd02.sql");
INSERT INTO edms_backups VALUES("10","2014-12-08 18:04:37","dbbackup14180420775eb9fc4af52e2493cbe047857028cd02.sql");
INSERT INTO edms_backups VALUES("11","2014-12-09 16:47:24","dbbackup14181238445eb9fc4af52e2493cbe047857028cd02.sql");
INSERT INTO edms_backups VALUES("12","2014-12-14 12:42:40","dbbackup14185411605eb9fc4af52e2493cbe047857028cd02.sql");
INSERT INTO edms_backups VALUES("13","2014-12-18 15:57:08","dbbackup14188984285eb9fc4af52e2493cbe047857028cd02.sql");
INSERT INTO edms_backups VALUES("14","2014-12-20 19:02:36","dbbackup14190823565eb9fc4af52e2493cbe047857028cd02.sql");
INSERT INTO edms_backups VALUES("15","2015-01-02 13:25:41","dbbackup14201853415eb9fc4af52e2493cbe047857028cd02.sql");
INSERT INTO edms_backups VALUES("16","2015-01-07 16:16:13","dbbackup14206275735eb9fc4af52e2493cbe047857028cd02.sql");






INSERT INTO edms_battery_make VALUES("1","Exide");
INSERT INTO edms_battery_make VALUES("2","Amaron");



INSERT INTO edms_city VALUES("2","Ahmedabad","27","27","2014-07-03 13:25:11","2014-07-03 13:25:11");
INSERT INTO edms_city VALUES("3","Na","27","27","2014-07-04 15:29:09","2014-07-04 15:29:09");



INSERT INTO edms_city_area VALUES("2","Na","3");
INSERT INTO edms_city_area VALUES("566","S g highway","2");
INSERT INTO edms_city_area VALUES("567","Kankriya","2");
INSERT INTO edms_city_area VALUES("568","Ramdevnagar","2");
INSERT INTO edms_city_area VALUES("569","Vatva","2");
INSERT INTO edms_city_area VALUES("570","Odhav","2");
INSERT INTO edms_city_area VALUES("571","Kathwada","2");






INSERT INTO edms_closed_file_check VALUES("1","2013-11-04","2013-11-04","0000-00-00");
INSERT INTO edms_closed_file_check VALUES("2","2013-11-06","2013-11-06","0000-00-00");
INSERT INTO edms_closed_file_check VALUES("3","2013-11-07","2013-11-07","0000-00-00");
INSERT INTO edms_closed_file_check VALUES("4","2013-11-13","2013-11-13","0000-00-00");
INSERT INTO edms_closed_file_check VALUES("5","2013-11-14","2013-11-14","0000-00-00");
INSERT INTO edms_closed_file_check VALUES("6","2013-11-16","2013-11-16","0000-00-00");
INSERT INTO edms_closed_file_check VALUES("7","2013-11-23","2013-11-23","0000-00-00");
INSERT INTO edms_closed_file_check VALUES("8","2013-11-26","2013-11-26","0000-00-00");
INSERT INTO edms_closed_file_check VALUES("9","2013-12-03","2013-12-03","0000-00-00");
INSERT INTO edms_closed_file_check VALUES("10","2013-12-04","2013-12-04","0000-00-00");
INSERT INTO edms_closed_file_check VALUES("11","2013-12-05","2013-12-05","0000-00-00");
INSERT INTO edms_closed_file_check VALUES("12","2013-12-08","2013-12-08","0000-00-00");
INSERT INTO edms_closed_file_check VALUES("13","2013-12-09","2013-12-09","0000-00-00");
INSERT INTO edms_closed_file_check VALUES("14","2013-12-11","2013-12-11","0000-00-00");
INSERT INTO edms_closed_file_check VALUES("15","2013-12-14","2013-12-14","0000-00-00");
INSERT INTO edms_closed_file_check VALUES("16","2013-12-15","2013-12-15","0000-00-00");
INSERT INTO edms_closed_file_check VALUES("17","2013-12-16","2013-12-16","0000-00-00");
INSERT INTO edms_closed_file_check VALUES("18","2013-12-17","2013-12-17","0000-00-00");
INSERT INTO edms_closed_file_check VALUES("19","2013-12-19","2013-12-19","0000-00-00");
INSERT INTO edms_closed_file_check VALUES("20","2013-12-22","2013-12-22","0000-00-00");
INSERT INTO edms_closed_file_check VALUES("21","2013-12-24","2013-12-24","0000-00-00");
INSERT INTO edms_closed_file_check VALUES("22","2013-12-25","2013-12-25","0000-00-00");
INSERT INTO edms_closed_file_check VALUES("23","2013-12-26","2013-12-26","0000-00-00");
INSERT INTO edms_closed_file_check VALUES("24","2013-12-27","2013-12-27","0000-00-00");
INSERT INTO edms_closed_file_check VALUES("25","2013-12-30","2013-12-30","0000-00-00");
INSERT INTO edms_closed_file_check VALUES("26","2014-01-06","2014-01-06","0000-00-00");
INSERT INTO edms_closed_file_check VALUES("27","2014-01-08","2014-01-08","0000-00-00");
INSERT INTO edms_closed_file_check VALUES("28","2014-01-09","2014-01-09","0000-00-00");
INSERT INTO edms_closed_file_check VALUES("29","2014-01-10","2014-01-10","0000-00-00");
INSERT INTO edms_closed_file_check VALUES("30","2014-01-13","2014-01-13","0000-00-00");
INSERT INTO edms_closed_file_check VALUES("31","2014-01-13","2014-01-13","0000-00-00");
INSERT INTO edms_closed_file_check VALUES("32","2014-01-14","2014-01-14","0000-00-00");
INSERT INTO edms_closed_file_check VALUES("33","2014-01-16","2014-01-16","0000-00-00");
INSERT INTO edms_closed_file_check VALUES("34","2014-01-18","2014-01-18","0000-00-00");
INSERT INTO edms_closed_file_check VALUES("35","2014-01-19","2014-01-19","0000-00-00");
INSERT INTO edms_closed_file_check VALUES("36","2014-01-20","2014-01-20","0000-00-00");
INSERT INTO edms_closed_file_check VALUES("37","2014-01-22","2014-01-22","0000-00-00");
INSERT INTO edms_closed_file_check VALUES("38","2014-01-31","2014-01-31","0000-00-00");
INSERT INTO edms_closed_file_check VALUES("39","2014-01-23","2014-01-23","0000-00-00");
INSERT INTO edms_closed_file_check VALUES("40","2014-01-24","2014-01-24","0000-00-00");
INSERT INTO edms_closed_file_check VALUES("41","2014-01-28","2014-01-28","0000-00-00");
INSERT INTO edms_closed_file_check VALUES("42","2014-02-02","2014-02-02","0000-00-00");
INSERT INTO edms_closed_file_check VALUES("43","2014-02-03","2014-02-03","0000-00-00");
INSERT INTO edms_closed_file_check VALUES("44","2014-02-04","2014-02-04","0000-00-00");
INSERT INTO edms_closed_file_check VALUES("45","2014-02-08","1970-01-01","0000-00-00");
INSERT INTO edms_closed_file_check VALUES("46","2014-02-09","2014-02-09","0000-00-00");
INSERT INTO edms_closed_file_check VALUES("47","2014-02-10","2014-02-10","0000-00-00");
INSERT INTO edms_closed_file_check VALUES("48","2014-02-11","2014-02-11","0000-00-00");
INSERT INTO edms_closed_file_check VALUES("49","2014-02-12","2014-02-12","0000-00-00");
INSERT INTO edms_closed_file_check VALUES("50","2014-02-13","2014-02-13","0000-00-00");
INSERT INTO edms_closed_file_check VALUES("51","2014-02-14","2014-02-14","0000-00-00");
INSERT INTO edms_closed_file_check VALUES("52","2014-02-15","2014-02-15","0000-00-00");
INSERT INTO edms_closed_file_check VALUES("53","2014-02-16","2014-02-16","0000-00-00");
INSERT INTO edms_closed_file_check VALUES("54","2014-02-20","2014-02-20","0000-00-00");
INSERT INTO edms_closed_file_check VALUES("55","2014-02-21","2014-02-21","0000-00-00");
INSERT INTO edms_closed_file_check VALUES("56","2014-02-22","2014-02-22","0000-00-00");
INSERT INTO edms_closed_file_check VALUES("57","2014-02-24","2014-02-24","0000-00-00");
INSERT INTO edms_closed_file_check VALUES("58","2014-02-25","2014-02-25","0000-00-00");
INSERT INTO edms_closed_file_check VALUES("59","2014-02-26","2014-02-26","0000-00-00");
INSERT INTO edms_closed_file_check VALUES("60","2014-02-27","2014-02-27","0000-00-00");
INSERT INTO edms_closed_file_check VALUES("61","2014-02-28","2014-02-28","0000-00-00");
INSERT INTO edms_closed_file_check VALUES("62","2014-03-01","2014-03-01","0000-00-00");
INSERT INTO edms_closed_file_check VALUES("63","2014-03-02","2014-03-02","0000-00-00");
INSERT INTO edms_closed_file_check VALUES("64","2014-03-03","2014-03-03","0000-00-00");
INSERT INTO edms_closed_file_check VALUES("65","2014-03-04","2014-03-04","0000-00-00");
INSERT INTO edms_closed_file_check VALUES("66","2014-03-05","2014-03-05","0000-00-00");
INSERT INTO edms_closed_file_check VALUES("67","2014-03-06","2014-03-06","0000-00-00");
INSERT INTO edms_closed_file_check VALUES("68","2014-03-07","2014-03-07","0000-00-00");
INSERT INTO edms_closed_file_check VALUES("69","2014-03-08","2014-03-08","0000-00-00");
INSERT INTO edms_closed_file_check VALUES("70","2014-03-09","2014-03-09","0000-00-00");
INSERT INTO edms_closed_file_check VALUES("71","2014-03-11","2014-03-11","0000-00-00");
INSERT INTO edms_closed_file_check VALUES("72","2014-03-13","2014-03-13","0000-00-00");
INSERT INTO edms_closed_file_check VALUES("73","2014-03-14","2014-03-14","0000-00-00");
INSERT INTO edms_closed_file_check VALUES("74","2014-03-15","2014-03-15","0000-00-00");
INSERT INTO edms_closed_file_check VALUES("75","2014-03-16","2014-03-16","0000-00-00");
INSERT INTO edms_closed_file_check VALUES("76","2014-03-17","2014-03-17","0000-00-00");
INSERT INTO edms_closed_file_check VALUES("77","2014-03-18","2014-03-18","0000-00-00");
INSERT INTO edms_closed_file_check VALUES("78","2014-03-20","2014-03-20","0000-00-00");
INSERT INTO edms_closed_file_check VALUES("79","2014-03-24","2014-03-24","0000-00-00");
INSERT INTO edms_closed_file_check VALUES("80","2014-03-25","2014-03-25","0000-00-00");
INSERT INTO edms_closed_file_check VALUES("81","2014-03-26","2014-03-26","0000-00-00");
INSERT INTO edms_closed_file_check VALUES("82","2014-03-27","2014-03-27","0000-00-00");
INSERT INTO edms_closed_file_check VALUES("83","2014-03-28","2014-03-28","0000-00-00");
INSERT INTO edms_closed_file_check VALUES("91","2014-03-31","2014-03-31","0000-00-00");
INSERT INTO edms_closed_file_check VALUES("92","2014-04-01","2014-04-01","0000-00-00");
INSERT INTO edms_closed_file_check VALUES("93","2014-04-02","2014-04-02","0000-00-00");
INSERT INTO edms_closed_file_check VALUES("94","2014-04-03","2014-04-03","0000-00-00");
INSERT INTO edms_closed_file_check VALUES("95","2014-04-04","2014-04-04","0000-00-00");
INSERT INTO edms_closed_file_check VALUES("96","2014-04-05","2014-04-05","0000-00-00");
INSERT INTO edms_closed_file_check VALUES("97","2014-04-07","2014-04-07","0000-00-00");
INSERT INTO edms_closed_file_check VALUES("98","2014-04-09","2014-04-09","0000-00-00");
INSERT INTO edms_closed_file_check VALUES("99","2014-04-10","2014-04-10","0000-00-00");
INSERT INTO edms_closed_file_check VALUES("100","2014-04-16","2014-04-16","0000-00-00");
INSERT INTO edms_closed_file_check VALUES("101","2014-04-19","2014-04-19","0000-00-00");
INSERT INTO edms_closed_file_check VALUES("102","2014-04-23","2014-04-23","0000-00-00");
INSERT INTO edms_closed_file_check VALUES("103","2014-05-05","2014-05-05","0000-00-00");
INSERT INTO edms_closed_file_check VALUES("104","2014-05-06","2014-05-06","0000-00-00");
INSERT INTO edms_closed_file_check VALUES("105","2014-07-03","2014-07-03","0000-00-00");
INSERT INTO edms_closed_file_check VALUES("106","2014-07-04","2014-07-04","0000-00-00");
INSERT INTO edms_closed_file_check VALUES("107","2014-07-05","2014-07-05","0000-00-00");
INSERT INTO edms_closed_file_check VALUES("108","2014-07-06","2014-07-06","0000-00-00");
INSERT INTO edms_closed_file_check VALUES("109","2014-07-07","2014-07-07","0000-00-00");
INSERT INTO edms_closed_file_check VALUES("110","2014-07-09","2014-07-09","0000-00-00");
INSERT INTO edms_closed_file_check VALUES("111","2014-07-10","2014-07-10","0000-00-00");
INSERT INTO edms_closed_file_check VALUES("112","2014-07-13","2014-07-13","0000-00-00");
INSERT INTO edms_closed_file_check VALUES("113","2014-07-14","2014-07-14","0000-00-00");
INSERT INTO edms_closed_file_check VALUES("114","2014-07-15","2014-07-15","0000-00-00");
INSERT INTO edms_closed_file_check VALUES("115","2014-07-16","2014-07-16","0000-00-00");
INSERT INTO edms_closed_file_check VALUES("116","2014-07-17","2014-07-17","0000-00-00");
INSERT INTO edms_closed_file_check VALUES("117","2014-07-18","2014-07-18","0000-00-00");
INSERT INTO edms_closed_file_check VALUES("118","2014-07-22","2014-07-22","0000-00-00");
INSERT INTO edms_closed_file_check VALUES("119","2014-07-22","2014-07-22","0000-00-00");
INSERT INTO edms_closed_file_check VALUES("120","2014-07-24","2014-07-24","0000-00-00");
INSERT INTO edms_closed_file_check VALUES("121","2014-07-25","2014-07-25","0000-00-00");
INSERT INTO edms_closed_file_check VALUES("122","2014-07-29","2014-07-29","0000-00-00");
INSERT INTO edms_closed_file_check VALUES("123","2014-07-30","2014-07-30","0000-00-00");
INSERT INTO edms_closed_file_check VALUES("124","2014-07-31","2014-07-31","0000-00-00");
INSERT INTO edms_closed_file_check VALUES("125","2014-08-02","2014-08-02","0000-00-00");
INSERT INTO edms_closed_file_check VALUES("126","2014-08-02","2014-08-02","0000-00-00");
INSERT INTO edms_closed_file_check VALUES("127","2014-08-06","2014-08-06","0000-00-00");
INSERT INTO edms_closed_file_check VALUES("128","2014-08-08","2014-08-08","0000-00-00");
INSERT INTO edms_closed_file_check VALUES("129","2014-08-08","2014-08-08","0000-00-00");
INSERT INTO edms_closed_file_check VALUES("130","2014-08-09","2014-08-09","0000-00-00");
INSERT INTO edms_closed_file_check VALUES("131","2014-08-11","2014-08-11","0000-00-00");
INSERT INTO edms_closed_file_check VALUES("132","2014-08-12","2014-08-12","0000-00-00");
INSERT INTO edms_closed_file_check VALUES("133","2014-08-13","2014-08-13","0000-00-00");
INSERT INTO edms_closed_file_check VALUES("134","2014-08-14","2014-08-14","0000-00-00");
INSERT INTO edms_closed_file_check VALUES("135","2014-08-15","2014-08-15","0000-00-00");
INSERT INTO edms_closed_file_check VALUES("136","2014-08-16","2014-08-16","0000-00-00");
INSERT INTO edms_closed_file_check VALUES("137","2014-08-18","1970-01-01","0000-00-00");
INSERT INTO edms_closed_file_check VALUES("138","2014-08-24","2014-08-24","0000-00-00");
INSERT INTO edms_closed_file_check VALUES("139","2014-08-25","2014-08-25","0000-00-00");
INSERT INTO edms_closed_file_check VALUES("140","2014-08-26","2014-08-26","0000-00-00");
INSERT INTO edms_closed_file_check VALUES("141","2014-08-27","2014-08-27","0000-00-00");
INSERT INTO edms_closed_file_check VALUES("142","2014-08-28","2014-08-28","0000-00-00");
INSERT INTO edms_closed_file_check VALUES("143","2014-08-29","2014-08-29","0000-00-00");
INSERT INTO edms_closed_file_check VALUES("144","2014-08-30","2014-08-30","0000-00-00");
INSERT INTO edms_closed_file_check VALUES("145","2014-08-31","2014-08-31","0000-00-00");
INSERT INTO edms_closed_file_check VALUES("146","2014-09-01","2014-09-01","0000-00-00");
INSERT INTO edms_closed_file_check VALUES("147","2014-09-02","2014-09-02","0000-00-00");
INSERT INTO edms_closed_file_check VALUES("148","2014-09-03","2014-09-03","0000-00-00");
INSERT INTO edms_closed_file_check VALUES("149","2014-09-04","2014-09-04","0000-00-00");
INSERT INTO edms_closed_file_check VALUES("150","2014-09-05","2014-09-05","0000-00-00");
INSERT INTO edms_closed_file_check VALUES("151","2014-09-06","2014-09-06","0000-00-00");
INSERT INTO edms_closed_file_check VALUES("152","2014-09-07","2014-09-07","0000-00-00");
INSERT INTO edms_closed_file_check VALUES("153","2014-09-08","2014-09-08","0000-00-00");
INSERT INTO edms_closed_file_check VALUES("154","2014-09-09","2014-09-09","0000-00-00");
INSERT INTO edms_closed_file_check VALUES("155","2014-09-10","2014-09-10","0000-00-00");
INSERT INTO edms_closed_file_check VALUES("156","2014-09-11","2014-09-11","0000-00-00");
INSERT INTO edms_closed_file_check VALUES("157","2014-09-12","2014-09-12","0000-00-00");
INSERT INTO edms_closed_file_check VALUES("158","2014-09-13","2014-09-13","0000-00-00");
INSERT INTO edms_closed_file_check VALUES("159","2014-09-15","2014-09-15","0000-00-00");
INSERT INTO edms_closed_file_check VALUES("160","2014-09-16","2014-09-16","0000-00-00");
INSERT INTO edms_closed_file_check VALUES("161","2014-09-17","2014-09-17","0000-00-00");
INSERT INTO edms_closed_file_check VALUES("162","2014-09-18","2014-09-18","0000-00-00");
INSERT INTO edms_closed_file_check VALUES("163","2014-09-19","2014-09-19","0000-00-00");
INSERT INTO edms_closed_file_check VALUES("164","2014-09-20","2014-09-20","0000-00-00");
INSERT INTO edms_closed_file_check VALUES("165","2014-09-22","2014-09-22","0000-00-00");
INSERT INTO edms_closed_file_check VALUES("166","2014-09-23","2014-09-23","0000-00-00");
INSERT INTO edms_closed_file_check VALUES("167","2014-09-24","2014-09-24","0000-00-00");
INSERT INTO edms_closed_file_check VALUES("168","2014-09-25","2014-09-25","0000-00-00");
INSERT INTO edms_closed_file_check VALUES("169","2014-09-26","2014-09-26","0000-00-00");
INSERT INTO edms_closed_file_check VALUES("170","2014-09-27","2014-09-27","0000-00-00");
INSERT INTO edms_closed_file_check VALUES("171","2014-09-29","2014-09-29","0000-00-00");
INSERT INTO edms_closed_file_check VALUES("172","2014-09-30","2014-09-30","0000-00-00");
INSERT INTO edms_closed_file_check VALUES("173","2014-10-01","2014-10-01","0000-00-00");
INSERT INTO edms_closed_file_check VALUES("174","2014-10-02","2014-10-02","0000-00-00");
INSERT INTO edms_closed_file_check VALUES("175","2014-10-03","2014-10-03","0000-00-00");
INSERT INTO edms_closed_file_check VALUES("176","2014-10-03","2014-10-03","0000-00-00");
INSERT INTO edms_closed_file_check VALUES("177","2014-10-04","2014-10-04","0000-00-00");
INSERT INTO edms_closed_file_check VALUES("178","2014-10-04","2014-10-04","0000-00-00");
INSERT INTO edms_closed_file_check VALUES("179","2014-10-06","2014-10-06","0000-00-00");
INSERT INTO edms_closed_file_check VALUES("180","2014-10-07","2014-10-07","0000-00-00");
INSERT INTO edms_closed_file_check VALUES("181","2014-10-08","2014-10-08","0000-00-00");
INSERT INTO edms_closed_file_check VALUES("182","2014-10-09","2014-10-09","0000-00-00");
INSERT INTO edms_closed_file_check VALUES("183","2014-10-10","2014-10-10","0000-00-00");
INSERT INTO edms_closed_file_check VALUES("184","2014-10-11","2014-10-11","0000-00-00");
INSERT INTO edms_closed_file_check VALUES("185","2014-10-13","2014-10-13","0000-00-00");
INSERT INTO edms_closed_file_check VALUES("186","2014-10-14","2014-10-14","0000-00-00");
INSERT INTO edms_closed_file_check VALUES("187","2014-10-15","2014-10-15","0000-00-00");
INSERT INTO edms_closed_file_check VALUES("188","2014-10-16","2014-10-16","0000-00-00");
INSERT INTO edms_closed_file_check VALUES("189","2014-10-17","2014-10-17","0000-00-00");
INSERT INTO edms_closed_file_check VALUES("190","2014-10-18","2014-10-18","0000-00-00");
INSERT INTO edms_closed_file_check VALUES("191","2014-10-20","2014-10-20","0000-00-00");
INSERT INTO edms_closed_file_check VALUES("192","2014-10-21","2014-10-21","0000-00-00");
INSERT INTO edms_closed_file_check VALUES("193","2014-10-22","2014-10-22","0000-00-00");
INSERT INTO edms_closed_file_check VALUES("194","2014-10-23","2014-10-23","0000-00-00");
INSERT INTO edms_closed_file_check VALUES("195","2014-10-28","2014-10-28","0000-00-00");
INSERT INTO edms_closed_file_check VALUES("196","2014-10-28","2014-10-28","0000-00-00");
INSERT INTO edms_closed_file_check VALUES("197","2014-10-29","2014-10-29","0000-00-00");
INSERT INTO edms_closed_file_check VALUES("198","2014-10-30","2014-10-30","0000-00-00");
INSERT INTO edms_closed_file_check VALUES("199","2014-10-31","2014-10-31","0000-00-00");
INSERT INTO edms_closed_file_check VALUES("200","2014-11-01","2014-11-01","0000-00-00");
INSERT INTO edms_closed_file_check VALUES("201","2014-11-03","2014-11-03","0000-00-00");
INSERT INTO edms_closed_file_check VALUES("202","2014-11-04","2014-11-04","0000-00-00");
INSERT INTO edms_closed_file_check VALUES("203","2014-11-05","2014-11-05","0000-00-00");
INSERT INTO edms_closed_file_check VALUES("204","2014-11-06","2014-11-06","0000-00-00");
INSERT INTO edms_closed_file_check VALUES("205","2014-11-07","2014-11-07","0000-00-00");
INSERT INTO edms_closed_file_check VALUES("206","2014-11-08","2014-11-08","0000-00-00");
INSERT INTO edms_closed_file_check VALUES("207","2014-11-10","2014-11-10","0000-00-00");
INSERT INTO edms_closed_file_check VALUES("208","2014-11-11","2014-11-11","0000-00-00");
INSERT INTO edms_closed_file_check VALUES("209","2014-11-11","2014-11-11","0000-00-00");
INSERT INTO edms_closed_file_check VALUES("210","2014-11-12","2014-11-12","0000-00-00");
INSERT INTO edms_closed_file_check VALUES("211","2014-11-13","2014-11-13","0000-00-00");
INSERT INTO edms_closed_file_check VALUES("212","2014-11-14","2014-11-14","0000-00-00");
INSERT INTO edms_closed_file_check VALUES("213","2014-11-15","2014-11-15","0000-00-00");
INSERT INTO edms_closed_file_check VALUES("214","2014-11-16","2014-11-16","0000-00-00");
INSERT INTO edms_closed_file_check VALUES("215","2014-11-17","2014-11-17","0000-00-00");
INSERT INTO edms_closed_file_check VALUES("216","2014-11-18","2014-11-18","0000-00-00");
INSERT INTO edms_closed_file_check VALUES("217","2014-11-19","2014-11-19","0000-00-00");
INSERT INTO edms_closed_file_check VALUES("218","2014-11-19","2014-11-19","0000-00-00");
INSERT INTO edms_closed_file_check VALUES("219","2014-11-20","2014-11-20","0000-00-00");
INSERT INTO edms_closed_file_check VALUES("220","2014-11-21","2014-11-21","0000-00-00");
INSERT INTO edms_closed_file_check VALUES("221","2014-11-22","2014-11-22","0000-00-00");
INSERT INTO edms_closed_file_check VALUES("222","2014-11-23","2014-11-23","0000-00-00");
INSERT INTO edms_closed_file_check VALUES("223","2014-11-24","2014-11-24","0000-00-00");
INSERT INTO edms_closed_file_check VALUES("224","2014-11-25","2014-11-25","0000-00-00");
INSERT INTO edms_closed_file_check VALUES("225","2014-11-26","2014-11-26","0000-00-00");
INSERT INTO edms_closed_file_check VALUES("226","2014-11-27","2014-11-27","0000-00-00");
INSERT INTO edms_closed_file_check VALUES("227","2014-11-28","2014-11-28","0000-00-00");
INSERT INTO edms_closed_file_check VALUES("228","2014-11-29","2014-11-29","0000-00-00");
INSERT INTO edms_closed_file_check VALUES("229","2014-11-30","2014-11-30","0000-00-00");
INSERT INTO edms_closed_file_check VALUES("230","2014-12-01","2014-12-01","0000-00-00");
INSERT INTO edms_closed_file_check VALUES("231","2014-12-02","2014-12-02","0000-00-00");
INSERT INTO edms_closed_file_check VALUES("232","2014-12-03","2014-12-03","0000-00-00");
INSERT INTO edms_closed_file_check VALUES("233","2014-12-04","2014-12-04","0000-00-00");
INSERT INTO edms_closed_file_check VALUES("234","2014-12-05","2014-12-05","0000-00-00");
INSERT INTO edms_closed_file_check VALUES("235","2014-12-07","2014-12-07","0000-00-00");
INSERT INTO edms_closed_file_check VALUES("236","2014-12-08","2014-12-08","0000-00-00");
INSERT INTO edms_closed_file_check VALUES("237","2014-12-09","2014-12-09","0000-00-00");
INSERT INTO edms_closed_file_check VALUES("238","2014-12-10","2014-12-10","0000-00-00");
INSERT INTO edms_closed_file_check VALUES("239","2014-12-11","2014-12-11","0000-00-00");
INSERT INTO edms_closed_file_check VALUES("240","2014-12-12","2014-12-12","0000-00-00");
INSERT INTO edms_closed_file_check VALUES("241","2014-12-13","2014-12-13","0000-00-00");
INSERT INTO edms_closed_file_check VALUES("242","2014-12-14","2014-12-14","0000-00-00");
INSERT INTO edms_closed_file_check VALUES("243","2014-12-15","2014-12-15","0000-00-00");
INSERT INTO edms_closed_file_check VALUES("244","2014-12-15","2014-12-15","0000-00-00");
INSERT INTO edms_closed_file_check VALUES("245","2014-12-15","2014-12-15","0000-00-00");
INSERT INTO edms_closed_file_check VALUES("246","2014-12-16","2014-12-16","0000-00-00");
INSERT INTO edms_closed_file_check VALUES("247","2014-12-17","2014-12-17","0000-00-00");
INSERT INTO edms_closed_file_check VALUES("248","2014-12-18","2014-12-18","0000-00-00");
INSERT INTO edms_closed_file_check VALUES("249","2014-12-18","2014-12-18","0000-00-00");
INSERT INTO edms_closed_file_check VALUES("250","2014-12-19","2014-12-19","0000-00-00");
INSERT INTO edms_closed_file_check VALUES("251","2014-12-19","2014-12-19","0000-00-00");
INSERT INTO edms_closed_file_check VALUES("252","2014-12-20","2014-12-20","0000-00-00");
INSERT INTO edms_closed_file_check VALUES("253","2014-12-22","2014-12-22","0000-00-00");
INSERT INTO edms_closed_file_check VALUES("254","2014-12-23","2014-12-23","0000-00-00");
INSERT INTO edms_closed_file_check VALUES("255","2014-12-23","2014-12-23","0000-00-00");
INSERT INTO edms_closed_file_check VALUES("256","2014-12-24","2014-12-24","0000-00-00");
INSERT INTO edms_closed_file_check VALUES("257","2014-12-25","2014-12-25","0000-00-00");
INSERT INTO edms_closed_file_check VALUES("258","2014-12-26","2014-12-26","0000-00-00");
INSERT INTO edms_closed_file_check VALUES("259","2014-12-26","2014-12-26","0000-00-00");
INSERT INTO edms_closed_file_check VALUES("260","2014-12-27","2014-12-27","0000-00-00");
INSERT INTO edms_closed_file_check VALUES("261","2014-12-28","2014-12-28","0000-00-00");
INSERT INTO edms_closed_file_check VALUES("262","2014-12-29","2014-12-29","0000-00-00");
INSERT INTO edms_closed_file_check VALUES("263","2014-12-29","2014-12-29","0000-00-00");
INSERT INTO edms_closed_file_check VALUES("264","2014-12-30","2014-12-30","0000-00-00");
INSERT INTO edms_closed_file_check VALUES("265","2014-12-31","2014-12-31","0000-00-00");
INSERT INTO edms_closed_file_check VALUES("266","2015-01-01","2015-01-01","0000-00-00");
INSERT INTO edms_closed_file_check VALUES("267","2015-01-02","2015-01-02","0000-00-00");
INSERT INTO edms_closed_file_check VALUES("268","2015-01-03","2015-01-03","0000-00-00");
INSERT INTO edms_closed_file_check VALUES("269","2015-01-03","2015-01-03","0000-00-00");
INSERT INTO edms_closed_file_check VALUES("270","2015-01-04","2015-01-04","0000-00-00");
INSERT INTO edms_closed_file_check VALUES("271","2015-01-05","2015-01-05","0000-00-00");
INSERT INTO edms_closed_file_check VALUES("272","2015-01-05","2015-01-05","0000-00-00");
INSERT INTO edms_closed_file_check VALUES("273","2015-01-06","2015-01-06","0000-00-00");
INSERT INTO edms_closed_file_check VALUES("274","2015-01-07","2015-01-07","0000-00-00");
INSERT INTO edms_closed_file_check VALUES("275","2015-01-30","2015-01-30","0000-00-00");
INSERT INTO edms_closed_file_check VALUES("276","2015-01-31","2015-01-31","0000-00-00");
INSERT INTO edms_closed_file_check VALUES("277","2015-02-19","2015-02-19","0000-00-00");
INSERT INTO edms_closed_file_check VALUES("278","2015-02-22","2015-02-22","0000-00-00");
INSERT INTO edms_closed_file_check VALUES("279","2015-02-23","2015-02-23","0000-00-00");
INSERT INTO edms_closed_file_check VALUES("280","2015-02-26","2015-02-26","0000-00-00");
INSERT INTO edms_closed_file_check VALUES("281","2015-02-27","2015-02-27","0000-00-00");
INSERT INTO edms_closed_file_check VALUES("282","2015-02-27","2015-02-27","0000-00-00");
INSERT INTO edms_closed_file_check VALUES("283","2015-02-28","2015-02-28","0000-00-00");
INSERT INTO edms_closed_file_check VALUES("284","2015-02-28","2015-02-28","0000-00-00");
INSERT INTO edms_closed_file_check VALUES("285","2015-03-06","2015-03-06","0000-00-00");
INSERT INTO edms_closed_file_check VALUES("286","2015-03-08","2015-03-08","0000-00-00");
INSERT INTO edms_closed_file_check VALUES("287","2015-03-10","2015-03-10","0000-00-00");
INSERT INTO edms_closed_file_check VALUES("288","2015-03-11","2015-03-11","0000-00-00");
INSERT INTO edms_closed_file_check VALUES("289","2015-03-12","2015-03-12","0000-00-00");
INSERT INTO edms_closed_file_check VALUES("290","2015-03-13","2015-03-13","0000-00-00");
INSERT INTO edms_closed_file_check VALUES("291","2015-03-14","2015-03-14","0000-00-00");
INSERT INTO edms_closed_file_check VALUES("292","2015-03-16","2015-03-16","0000-00-00");
INSERT INTO edms_closed_file_check VALUES("293","2015-03-17","2015-03-17","0000-00-00");
INSERT INTO edms_closed_file_check VALUES("294","2015-03-18","2015-03-18","0000-00-00");
INSERT INTO edms_closed_file_check VALUES("295","2015-03-19","2015-03-19","0000-00-00");
INSERT INTO edms_closed_file_check VALUES("296","2015-03-20","2015-03-20","0000-00-00");
INSERT INTO edms_closed_file_check VALUES("297","2015-03-22","1970-01-01","0000-00-00");
INSERT INTO edms_closed_file_check VALUES("298","2015-03-23","2015-03-23","0000-00-00");
INSERT INTO edms_closed_file_check VALUES("299","2015-03-24","2015-03-24","0000-00-00");
INSERT INTO edms_closed_file_check VALUES("300","2015-03-26","2015-03-26","0000-00-00");
INSERT INTO edms_closed_file_check VALUES("301","2015-03-27","2015-03-27","0000-00-00");
INSERT INTO edms_closed_file_check VALUES("302","2015-03-28","1970-01-01","0000-00-00");
INSERT INTO edms_closed_file_check VALUES("303","2015-04-05","2015-04-05","0000-00-00");
INSERT INTO edms_closed_file_check VALUES("304","2015-04-06","2015-04-06","0000-00-00");
INSERT INTO edms_closed_file_check VALUES("305","2015-04-08","2015-04-08","0000-00-00");
INSERT INTO edms_closed_file_check VALUES("306","2015-04-10","2015-04-10","0000-00-00");
INSERT INTO edms_closed_file_check VALUES("307","2015-04-10","2015-04-10","0000-00-00");
INSERT INTO edms_closed_file_check VALUES("308","2015-04-11","2015-04-11","0000-00-00");
INSERT INTO edms_closed_file_check VALUES("309","2015-04-13","2015-04-13","0000-00-00");
INSERT INTO edms_closed_file_check VALUES("310","2015-04-15","2015-04-15","0000-00-00");
INSERT INTO edms_closed_file_check VALUES("311","2015-04-16","2015-04-16","0000-00-00");
INSERT INTO edms_closed_file_check VALUES("312","2015-04-18","2015-04-18","0000-00-00");
INSERT INTO edms_closed_file_check VALUES("313","2015-04-18","2015-04-18","0000-00-00");
INSERT INTO edms_closed_file_check VALUES("314","2015-04-20","2015-04-20","0000-00-00");
INSERT INTO edms_closed_file_check VALUES("315","2015-04-21","2015-04-21","2015-04-21");
INSERT INTO edms_closed_file_check VALUES("316","2015-04-22","2015-04-22","2015-04-22");
INSERT INTO edms_closed_file_check VALUES("317","2015-04-23","2015-04-23","2015-04-23");
INSERT INTO edms_closed_file_check VALUES("318","2015-04-24","2015-04-24","2015-04-24");
INSERT INTO edms_closed_file_check VALUES("319","2015-04-25","2015-04-25","2015-04-25");
INSERT INTO edms_closed_file_check VALUES("320","2015-05-01","2015-05-01","2015-05-01");
INSERT INTO edms_closed_file_check VALUES("321","2015-05-03","2015-05-03","2015-05-03");
INSERT INTO edms_closed_file_check VALUES("322","2015-05-05","2015-05-05","2015-05-05");
INSERT INTO edms_closed_file_check VALUES("323","2015-05-07","2015-05-07","2015-05-07");
INSERT INTO edms_closed_file_check VALUES("324","2015-05-14","2015-05-14","2015-05-14");
INSERT INTO edms_closed_file_check VALUES("325","2015-05-14","2015-05-14","2015-05-14");
INSERT INTO edms_closed_file_check VALUES("326","2015-05-20","2015-05-20","2015-05-20");
INSERT INTO edms_closed_file_check VALUES("327","2015-05-21","2015-05-21","2015-05-21");
INSERT INTO edms_closed_file_check VALUES("328","2015-06-04","2015-06-04","2015-06-04");
INSERT INTO edms_closed_file_check VALUES("329","2015-06-09","2015-06-09","2015-06-09");
INSERT INTO edms_closed_file_check VALUES("330","2015-06-11","2015-06-11","2015-06-11");
INSERT INTO edms_closed_file_check VALUES("331","2015-06-11","2015-06-11","2015-06-11");
INSERT INTO edms_closed_file_check VALUES("332","2015-06-23","2015-06-23","2015-06-23");
INSERT INTO edms_closed_file_check VALUES("333","2015-07-09","2015-07-09","2015-07-09");
INSERT INTO edms_closed_file_check VALUES("334","2015-07-10","2015-07-10","2015-07-10");
INSERT INTO edms_closed_file_check VALUES("335","2015-07-15","2015-07-15","2015-07-15");
INSERT INTO edms_closed_file_check VALUES("336","2015-07-16","2015-07-16","2015-07-16");
INSERT INTO edms_closed_file_check VALUES("337","2015-07-24","2015-07-24","2015-07-24");
INSERT INTO edms_closed_file_check VALUES("338","2015-07-24","2015-07-24","2015-07-24");
INSERT INTO edms_closed_file_check VALUES("339","2015-07-26","2015-07-26","2015-07-26");
INSERT INTO edms_closed_file_check VALUES("340","2015-07-27","2015-07-27","2015-07-27");
INSERT INTO edms_closed_file_check VALUES("341","2015-07-27","2015-07-27","2015-07-27");
INSERT INTO edms_closed_file_check VALUES("342","2015-07-29","2015-07-29","2015-07-29");
INSERT INTO edms_closed_file_check VALUES("343","2015-07-30","2015-07-30","2015-07-30");
INSERT INTO edms_closed_file_check VALUES("344","2015-07-30","2015-07-30","2015-07-30");
INSERT INTO edms_closed_file_check VALUES("345","2015-07-31","2015-07-31","2015-07-31");
INSERT INTO edms_closed_file_check VALUES("346","2015-07-31","2015-07-31","1970-01-01");
INSERT INTO edms_closed_file_check VALUES("347","2015-08-04","2015-08-04","2015-08-04");
INSERT INTO edms_closed_file_check VALUES("348","2015-08-04","2015-08-04","2015-08-04");
INSERT INTO edms_closed_file_check VALUES("349","2015-08-13","2015-08-13","2015-08-13");
INSERT INTO edms_closed_file_check VALUES("350","2015-08-25","2015-08-25","2015-08-25");
INSERT INTO edms_closed_file_check VALUES("351","2015-08-27","2015-08-27","2015-08-27");
INSERT INTO edms_closed_file_check VALUES("352","2015-08-28","2015-08-28","2015-08-28");
INSERT INTO edms_closed_file_check VALUES("353","2015-08-31","2015-08-31","2015-08-31");
INSERT INTO edms_closed_file_check VALUES("354","2015-09-01","2015-09-01","2015-09-01");
INSERT INTO edms_closed_file_check VALUES("355","2015-09-08","2015-09-08","2015-09-08");
INSERT INTO edms_closed_file_check VALUES("356","2015-09-10","2015-09-10","2015-09-10");
INSERT INTO edms_closed_file_check VALUES("357","2015-09-11","2015-09-11","2015-09-11");
INSERT INTO edms_closed_file_check VALUES("358","2015-09-11","2015-09-11","2015-09-11");
INSERT INTO edms_closed_file_check VALUES("359","2015-09-14","2015-09-14","2015-09-14");
INSERT INTO edms_closed_file_check VALUES("360","2015-09-15","2015-09-15","2015-09-15");
INSERT INTO edms_closed_file_check VALUES("361","2015-09-17","2015-09-17","2015-09-17");
INSERT INTO edms_closed_file_check VALUES("362","2015-09-18","2015-09-18","2015-09-18");
INSERT INTO edms_closed_file_check VALUES("363","2015-09-19","2015-09-19","2015-09-19");
INSERT INTO edms_closed_file_check VALUES("364","2015-09-22","2015-09-22","2015-09-22");
INSERT INTO edms_closed_file_check VALUES("365","2015-09-25","2015-09-25","2015-09-25");
INSERT INTO edms_closed_file_check VALUES("366","2015-09-28","2015-09-28","2015-09-28");
INSERT INTO edms_closed_file_check VALUES("367","2015-09-28","2015-09-28","2015-09-28");
INSERT INTO edms_closed_file_check VALUES("368","2015-09-29","2015-09-29","2015-09-29");
INSERT INTO edms_closed_file_check VALUES("369","2015-09-30","2015-09-30","2015-09-30");
INSERT INTO edms_closed_file_check VALUES("370","2015-10-02","2015-10-02","2015-10-02");
INSERT INTO edms_closed_file_check VALUES("371","2015-10-04","2015-10-04","2015-10-04");
INSERT INTO edms_closed_file_check VALUES("372","2015-10-05","2015-10-05","2015-10-05");
INSERT INTO edms_closed_file_check VALUES("373","2015-10-06","2015-10-06","2015-10-06");
INSERT INTO edms_closed_file_check VALUES("374","2015-10-07","1970-01-01","2015-10-07");
INSERT INTO edms_closed_file_check VALUES("375","2015-10-09","2015-10-09","2015-10-09");
INSERT INTO edms_closed_file_check VALUES("376","2015-10-12","2015-10-12","2015-10-12");
INSERT INTO edms_closed_file_check VALUES("377","2015-10-13","2015-10-13","2015-10-13");
INSERT INTO edms_closed_file_check VALUES("378","2015-10-14","2015-10-14","2015-10-14");
INSERT INTO edms_closed_file_check VALUES("379","2015-10-14","2015-10-14","2015-10-14");
INSERT INTO edms_closed_file_check VALUES("380","2015-10-19","2015-10-19","2015-10-19");
INSERT INTO edms_closed_file_check VALUES("381","2015-10-22","2015-10-22","2015-10-22");
INSERT INTO edms_closed_file_check VALUES("382","2015-10-23","2015-10-23","2015-10-23");
INSERT INTO edms_closed_file_check VALUES("383","2015-10-24","2015-10-24","2015-10-24");
INSERT INTO edms_closed_file_check VALUES("384","2015-10-24","2015-10-24","2015-10-24");
INSERT INTO edms_closed_file_check VALUES("385","2015-10-25","2015-10-25","2015-10-25");
INSERT INTO edms_closed_file_check VALUES("386","2015-10-25","2015-10-25","2015-10-25");
INSERT INTO edms_closed_file_check VALUES("387","2015-10-26","2015-10-26","2015-10-26");
INSERT INTO edms_closed_file_check VALUES("388","2015-10-27","2015-10-27","2015-10-27");
INSERT INTO edms_closed_file_check VALUES("389","2015-10-31","2015-10-31","2015-10-31");
INSERT INTO edms_closed_file_check VALUES("390","2015-11-02","2015-11-02","2015-11-02");
INSERT INTO edms_closed_file_check VALUES("391","2015-11-03","2015-11-03","2015-11-03");
INSERT INTO edms_closed_file_check VALUES("392","2015-11-04","2015-11-04","2015-11-04");
INSERT INTO edms_closed_file_check VALUES("393","2015-11-05","2015-11-05","2015-11-05");
INSERT INTO edms_closed_file_check VALUES("394","2015-11-06","2015-11-06","2015-11-06");
INSERT INTO edms_closed_file_check VALUES("395","2015-11-14","2015-11-14","2015-11-14");
INSERT INTO edms_closed_file_check VALUES("396","2015-11-16","2015-11-16","2015-11-16");
INSERT INTO edms_closed_file_check VALUES("397","2015-11-19","2015-11-19","2015-11-19");
INSERT INTO edms_closed_file_check VALUES("398","2015-11-21","2015-11-21","2015-11-21");
INSERT INTO edms_closed_file_check VALUES("399","2015-11-25","2015-11-25","2015-11-25");
INSERT INTO edms_closed_file_check VALUES("400","2015-11-25","2015-11-25","2015-11-25");
INSERT INTO edms_closed_file_check VALUES("401","2015-11-26","2015-11-26","2015-11-26");
INSERT INTO edms_closed_file_check VALUES("402","2015-11-28","2015-11-28","2015-11-28");
INSERT INTO edms_closed_file_check VALUES("403","2015-11-29","2015-11-29","2015-11-29");
INSERT INTO edms_closed_file_check VALUES("404","2015-11-30","2015-11-30","2015-11-30");
INSERT INTO edms_closed_file_check VALUES("405","2015-12-02","2015-12-02","2015-12-02");
INSERT INTO edms_closed_file_check VALUES("406","2015-12-03","2015-12-03","2015-12-03");
INSERT INTO edms_closed_file_check VALUES("407","2015-12-05","2015-12-05","2015-12-05");
INSERT INTO edms_closed_file_check VALUES("408","2015-12-05","2015-12-05","2015-12-05");
INSERT INTO edms_closed_file_check VALUES("409","2015-12-08","2015-12-08","2015-12-08");
INSERT INTO edms_closed_file_check VALUES("410","2015-12-10","2015-12-10","2015-12-10");
INSERT INTO edms_closed_file_check VALUES("411","2015-12-12","2015-12-12","2015-12-12");
INSERT INTO edms_closed_file_check VALUES("412","2015-12-13","2015-12-13","2015-12-13");
INSERT INTO edms_closed_file_check VALUES("413","2015-12-14","2015-12-14","2015-12-14");
INSERT INTO edms_closed_file_check VALUES("414","2015-12-15","2015-12-15","2015-12-15");
INSERT INTO edms_closed_file_check VALUES("415","2015-12-16","2015-12-16","2015-12-16");
INSERT INTO edms_closed_file_check VALUES("416","2015-12-16","2015-12-16","2015-12-16");
INSERT INTO edms_closed_file_check VALUES("417","2015-12-17","2015-12-17","2015-12-17");
INSERT INTO edms_closed_file_check VALUES("418","2015-12-18","2015-12-18","2015-12-18");
INSERT INTO edms_closed_file_check VALUES("419","2015-12-21","2015-12-21","2015-12-21");
INSERT INTO edms_closed_file_check VALUES("420","2015-12-22","2015-12-22","2015-12-22");
INSERT INTO edms_closed_file_check VALUES("421","2015-12-23","2015-12-23","2015-12-23");
INSERT INTO edms_closed_file_check VALUES("422","2015-12-24","2015-12-24","2015-12-24");
INSERT INTO edms_closed_file_check VALUES("423","2015-12-25","2015-12-25","2015-12-25");
INSERT INTO edms_closed_file_check VALUES("424","2015-12-26","2015-12-26","2015-12-26");
INSERT INTO edms_closed_file_check VALUES("425","2015-12-27","2015-12-27","2015-12-27");
INSERT INTO edms_closed_file_check VALUES("426","2015-12-28","2015-12-28","2015-12-28");
INSERT INTO edms_closed_file_check VALUES("427","2015-12-29","2015-12-29","2015-12-29");
INSERT INTO edms_closed_file_check VALUES("428","2015-12-29","2015-12-29","2015-12-29");
INSERT INTO edms_closed_file_check VALUES("429","2015-12-30","2015-12-30","2015-12-30");
INSERT INTO edms_closed_file_check VALUES("430","2015-12-31","2015-12-31","2015-12-31");
INSERT INTO edms_closed_file_check VALUES("431","2016-01-01","2016-01-01","2016-01-01");
INSERT INTO edms_closed_file_check VALUES("432","2016-01-04","2016-01-04","2016-01-04");
INSERT INTO edms_closed_file_check VALUES("433","2016-01-13","2016-01-13","2016-01-13");
INSERT INTO edms_closed_file_check VALUES("434","2016-01-16","2016-01-16","2016-01-16");
INSERT INTO edms_closed_file_check VALUES("435","2016-01-17","2016-01-17","2016-01-17");
INSERT INTO edms_closed_file_check VALUES("436","2016-01-19","2016-01-19","2016-01-19");
INSERT INTO edms_closed_file_check VALUES("437","2016-01-21","2016-01-21","2016-01-21");
INSERT INTO edms_closed_file_check VALUES("438","2016-01-22","2016-01-22","2016-01-22");
INSERT INTO edms_closed_file_check VALUES("439","2016-01-25","2016-01-25","2016-01-25");
INSERT INTO edms_closed_file_check VALUES("440","2016-01-28","2016-01-28","2016-01-28");
INSERT INTO edms_closed_file_check VALUES("441","2016-01-29","2016-01-29","2016-01-29");
INSERT INTO edms_closed_file_check VALUES("442","2016-01-30","2016-01-30","2016-01-30");
INSERT INTO edms_closed_file_check VALUES("443","2016-02-01","2016-02-01","2016-02-01");
INSERT INTO edms_closed_file_check VALUES("444","2016-02-02","2016-02-02","2016-02-02");
INSERT INTO edms_closed_file_check VALUES("445","2016-02-03","2016-02-03","2016-02-03");
INSERT INTO edms_closed_file_check VALUES("446","2016-02-04","2016-02-04","2016-02-04");
INSERT INTO edms_closed_file_check VALUES("447","2016-02-04","2016-02-04","2016-02-04");
INSERT INTO edms_closed_file_check VALUES("448","2016-02-08","2016-02-08","2016-02-08");
INSERT INTO edms_closed_file_check VALUES("449","2016-02-09","2016-02-09","2016-02-09");
INSERT INTO edms_closed_file_check VALUES("450","2016-02-10","2016-02-10","2016-02-10");
INSERT INTO edms_closed_file_check VALUES("451","2016-02-11","2016-02-11","2016-02-11");
INSERT INTO edms_closed_file_check VALUES("452","2016-02-17","2016-02-17","2016-02-17");
INSERT INTO edms_closed_file_check VALUES("453","2016-02-22","2016-02-22","2016-02-22");
INSERT INTO edms_closed_file_check VALUES("454","2016-02-23","2016-02-23","2016-02-23");
INSERT INTO edms_closed_file_check VALUES("455","2016-02-24","2016-02-24","2016-02-24");
INSERT INTO edms_closed_file_check VALUES("456","2016-02-25","2016-02-25","2016-02-25");
INSERT INTO edms_closed_file_check VALUES("457","2016-03-09","2016-03-09","2016-03-09");
INSERT INTO edms_closed_file_check VALUES("458","2016-03-11","2016-03-11","2016-03-11");
INSERT INTO edms_closed_file_check VALUES("459","2016-03-13","2016-03-13","2016-03-13");
INSERT INTO edms_closed_file_check VALUES("460","2016-03-14","2016-03-14","2016-03-14");
INSERT INTO edms_closed_file_check VALUES("461","2016-03-15","2016-03-15","2016-03-15");
INSERT INTO edms_closed_file_check VALUES("462","2016-03-15","2016-03-15","2016-03-15");
INSERT INTO edms_closed_file_check VALUES("463","2016-03-16","2016-03-16","2016-03-16");
INSERT INTO edms_closed_file_check VALUES("464","2016-03-17","2016-03-17","2016-03-17");
INSERT INTO edms_closed_file_check VALUES("465","2016-03-18","2016-03-18","2016-03-18");
INSERT INTO edms_closed_file_check VALUES("466","2016-03-19","2016-03-19","2016-03-19");
INSERT INTO edms_closed_file_check VALUES("467","2016-03-21","2016-03-21","2016-03-21");
INSERT INTO edms_closed_file_check VALUES("468","2016-03-22","2016-03-22","2016-03-22");
INSERT INTO edms_closed_file_check VALUES("469","2016-03-23","2016-03-23","2016-03-23");
INSERT INTO edms_closed_file_check VALUES("470","2016-03-25","2016-03-25","2016-03-25");
INSERT INTO edms_closed_file_check VALUES("471","2016-03-26","2016-03-26","2016-03-26");
INSERT INTO edms_closed_file_check VALUES("472","2016-03-27","2016-03-27","2016-03-27");
INSERT INTO edms_closed_file_check VALUES("473","2016-03-28","2016-03-28","2016-03-28");
INSERT INTO edms_closed_file_check VALUES("474","2016-03-29","2016-03-29","2016-03-29");
INSERT INTO edms_closed_file_check VALUES("475","2016-03-30","2016-03-30","2016-03-30");
INSERT INTO edms_closed_file_check VALUES("476","2016-04-01","2016-04-01","2016-04-01");
INSERT INTO edms_closed_file_check VALUES("477","2016-04-14","2016-04-14","2016-04-14");
INSERT INTO edms_closed_file_check VALUES("478","2016-04-15","1970-01-01","2016-04-15");
INSERT INTO edms_closed_file_check VALUES("479","2016-04-20","2016-04-20","2016-04-20");
INSERT INTO edms_closed_file_check VALUES("480","2016-04-25","2016-04-25","2016-04-25");
INSERT INTO edms_closed_file_check VALUES("481","2016-04-26","2016-04-26","2016-04-26");
INSERT INTO edms_closed_file_check VALUES("482","2016-05-03","2016-05-03","2016-05-03");
INSERT INTO edms_closed_file_check VALUES("483","2016-05-05","2016-05-05","2016-05-05");
INSERT INTO edms_closed_file_check VALUES("484","2016-05-10","1970-01-01","2016-05-10");
INSERT INTO edms_closed_file_check VALUES("485","2016-05-30","2016-05-30","2016-05-30");
INSERT INTO edms_closed_file_check VALUES("486","2016-05-31","2016-05-31","2016-05-31");
INSERT INTO edms_closed_file_check VALUES("487","2016-06-07","2016-06-07","2016-06-07");
INSERT INTO edms_closed_file_check VALUES("488","2016-06-29","2016-06-29","2016-06-29");
INSERT INTO edms_closed_file_check VALUES("489","2016-07-01","2016-07-01","2016-07-01");
INSERT INTO edms_closed_file_check VALUES("490","2016-07-02","1970-01-01","2016-07-02");
INSERT INTO edms_closed_file_check VALUES("491","2016-07-04","2016-07-04","2016-07-04");
INSERT INTO edms_closed_file_check VALUES("492","2016-07-05","2016-07-05","2016-07-05");
INSERT INTO edms_closed_file_check VALUES("493","2016-07-05","2016-07-05","2016-07-05");
INSERT INTO edms_closed_file_check VALUES("494","2016-07-11","2016-07-11","2016-07-11");
INSERT INTO edms_closed_file_check VALUES("495","2016-07-12","2016-07-12","2016-07-12");
INSERT INTO edms_closed_file_check VALUES("496","2016-07-13","2016-07-13","2016-07-13");
INSERT INTO edms_closed_file_check VALUES("497","2016-07-15","2016-07-15","2016-07-15");
INSERT INTO edms_closed_file_check VALUES("498","2016-07-15","2016-07-15","2016-07-15");
INSERT INTO edms_closed_file_check VALUES("499","2016-07-19","2016-07-19","2016-07-19");
INSERT INTO edms_closed_file_check VALUES("500","2016-07-21","2016-07-21","2016-07-21");
INSERT INTO edms_closed_file_check VALUES("501","2016-07-26","2016-07-26","2016-07-26");
INSERT INTO edms_closed_file_check VALUES("502","2016-07-31","2016-07-31","2016-07-31");
INSERT INTO edms_closed_file_check VALUES("503","2016-08-22","2016-08-22","2016-08-22");
INSERT INTO edms_closed_file_check VALUES("504","2016-08-29","2016-08-29","2016-08-29");
INSERT INTO edms_closed_file_check VALUES("505","2016-09-03","2016-09-03","2016-09-03");
INSERT INTO edms_closed_file_check VALUES("506","2016-09-05","2016-09-05","2016-09-05");
INSERT INTO edms_closed_file_check VALUES("507","2016-09-06","2016-09-06","2016-09-06");
INSERT INTO edms_closed_file_check VALUES("508","2016-09-06","2016-09-06","2016-09-06");
INSERT INTO edms_closed_file_check VALUES("509","2016-09-07","2016-09-07","2016-09-07");
INSERT INTO edms_closed_file_check VALUES("510","2016-09-08","2016-09-08","2016-09-08");
INSERT INTO edms_closed_file_check VALUES("511","2016-09-20","2016-09-20","2016-09-20");
INSERT INTO edms_closed_file_check VALUES("512","2016-09-23","2016-09-23","2016-09-23");
INSERT INTO edms_closed_file_check VALUES("513","2016-10-05","2016-10-05","2016-10-05");
INSERT INTO edms_closed_file_check VALUES("514","2016-11-15","2016-11-15","2016-11-15");
INSERT INTO edms_closed_file_check VALUES("515","2016-11-23","2016-11-23","2016-11-23");
INSERT INTO edms_closed_file_check VALUES("516","2016-11-24","2016-11-24","2016-11-24");
INSERT INTO edms_closed_file_check VALUES("517","2016-11-24","2016-11-24","2016-11-24");
INSERT INTO edms_closed_file_check VALUES("518","2016-11-25","2016-11-25","2016-11-25");
INSERT INTO edms_closed_file_check VALUES("519","2016-11-26","2016-11-26","2016-11-26");



INSERT INTO edms_customer VALUES("1663","1","Jeet Patel","54, Rangin Park Soc","","2","566","380015","NA","NA","NA","NA","mostpatel@gmail.com","NA","2","2","0","0","0","0","27","27","2016-07-04 15:49:35","2016-09-03 18:28:29","0","GA0407201600064","2016-07-04","2");
INSERT INTO edms_customer VALUES("1664","1","Rutvik Mehta","jodhpur park soc","","2","568","0","NA","NA","NA","NA","mostpatel@gmail.com","NA","2","2","0","0","0","0","27","27","2016-07-04 16:58:54","2016-09-03 18:15:00","0","GA0107201600073","2016-07-01","1");
INSERT INTO edms_customer VALUES("1665","1","Pioneer Hydraulics","21 Shyam Industrial Estate, Near Soni ni Chali BRTS, Odhav","","2","570","0","NA","NA","NA","NA","0","NA","2","2","0","0","0","0","27","27","2016-07-05 14:11:05","2016-07-05 14:11:05","0","GA0507201600074","2016-07-05","1");
INSERT INTO edms_customer VALUES("1666","4","Abc","abgybdsyg","line 3","2","570","0","NA","NA","NA","NA","","NA","2","2","0","0","0","0","27","27","2016-07-31 15:41:03","2016-09-03 17:19:35","0","GA3107201600075","2016-07-31","1");



INSERT INTO edms_customer_contact_no VALUES("7029","9879017267","1665");
INSERT INTO edms_customer_contact_no VALUES("7042","9638108735","1666");
INSERT INTO edms_customer_contact_no VALUES("7045","9409210488","1664");
INSERT INTO edms_customer_contact_no VALUES("7046","9824143009","1663");



INSERT INTO edms_customer_contact_person VALUES("7","jeet r patel","9824143009","0","mostpatel@gmail.com","2016-09-03","1665",NULL,"1","1900-01-01");
INSERT INTO edms_customer_contact_person VALUES("16","jeet r patel","9824143009","0","mostpatel@gmail.com","2016-09-03","1663",NULL,"0","1900-01-01");
INSERT INTO edms_customer_contact_person VALUES("18","jeet r patel","9824143009","0","mostpatel@gmail.com","2016-09-03","1666",NULL,"1","1900-01-01");
INSERT INTO edms_customer_contact_person VALUES("21","jeet patel","9824143009","0","mostpatel@gmail.com","2016-09-03","1664","3","0","2016-09-15");
INSERT INTO edms_customer_contact_person VALUES("22","jeet r patel","9824143009","0","mostpatel@gmail.com","2016-09-03","1664","1","1","1900-01-01");



INSERT INTO edms_customer_opening_balance VALUES("1","0","0","2","1663");
INSERT INTO edms_customer_opening_balance VALUES("2","0","0","2","1666");
INSERT INTO edms_customer_opening_balance VALUES("3","0","0","2","1664");



INSERT INTO edms_customer_owner VALUES("2","jeet r patel","9824143009","0","NA","1900-01-01","1663",NULL,NULL);
INSERT INTO edms_customer_owner VALUES("3","jeet patel","9824143009","0","NA","2016-09-01","1664","2016-09-03","1");
INSERT INTO edms_customer_owner VALUES("4","Jitendra Patel","9825317267","0","NA","1900-01-01","1665",NULL,NULL);









INSERT INTO edms_dictionary_item VALUES("1","Zykron","A226","27","27","2016-01-25 19:28:01","2016-01-25 19:28:01");
INSERT INTO edms_dictionary_item VALUES("2","Board","A163","27","27","2016-01-25 19:28:01","2016-01-25 19:28:01");
INSERT INTO edms_dictionary_item VALUES("3","Floor","A146","27","27","2016-01-25 19:28:01","2016-01-25 19:28:01");
INSERT INTO edms_dictionary_item VALUES("4","Siding","A235","27","27","2016-01-25 19:28:01","2016-01-25 19:28:01");
INSERT INTO edms_dictionary_item VALUES("5","natural","A536","27","27","2016-01-25 19:28:01","2016-01-25 19:28:01");
INSERT INTO edms_dictionary_item VALUES("6","brown","A161","27","27","2016-01-25 19:28:01","2016-01-25 19:28:01");
INSERT INTO edms_dictionary_item VALUES("7","glorious","A246","27","27","2016-01-25 19:28:02","2016-01-25 19:28:02");
INSERT INTO edms_dictionary_item VALUES("8","Ruby","A610","27","27","2016-01-25 19:28:02","2016-01-25 19:28:02");
INSERT INTO edms_dictionary_item VALUES("9","Hilux","A420","27","27","2016-01-25 19:28:02","2016-01-25 19:28:02");
INSERT INTO edms_dictionary_item VALUES("10","Board-","A163","27","27","2016-01-25 19:28:02","2016-01-25 19:28:02");
INSERT INTO edms_dictionary_item VALUES("11","Screw","A261","27","27","2016-01-25 19:28:02","2016-01-25 19:28:02");
INSERT INTO edms_dictionary_item VALUES("12","Jointing","A253","27","27","2016-01-25 19:28:02","2016-01-25 19:28:02");
INSERT INTO edms_dictionary_item VALUES("13","Boral","A164","27","27","2016-01-25 19:28:02","2016-01-25 19:28:02");
INSERT INTO edms_dictionary_item VALUES("14","Easyboard","A216","27","27","2016-01-25 19:28:02","2016-01-25 19:28:02");
INSERT INTO edms_dictionary_item VALUES("15","Standar","A235","27","27","2016-01-25 19:28:02","2016-01-25 19:28:02");
INSERT INTO edms_dictionary_item VALUES("16","Sheet","A230","27","27","2016-01-25 19:28:03","2016-01-25 19:28:03");
INSERT INTO edms_dictionary_item VALUES("17","Rock","A620","27","27","2016-01-25 19:28:03","2016-01-25 19:28:03");
INSERT INTO edms_dictionary_item VALUES("18","Brand","A165","27","27","2016-01-25 19:28:03","2016-01-25 19:28:03");
INSERT INTO edms_dictionary_item VALUES("19","Gypsum","A212","27","27","2016-01-25 19:28:03","2016-01-25 19:28:03");
INSERT INTO edms_dictionary_item VALUES("20","Regular","A624","27","27","2016-01-25 19:28:03","2016-01-25 19:28:03");
INSERT INTO edms_dictionary_item VALUES("21","1250mm","A500","27","27","2016-01-25 19:28:03","2016-01-25 19:28:03");
INSERT INTO edms_dictionary_item VALUES("22","Fire","A160","27","27","2016-01-25 19:28:03","2016-01-25 19:28:03");
INSERT INTO edms_dictionary_item VALUES("23","Bloc","A142","27","27","2016-01-25 19:28:03","2016-01-25 19:28:03");
INSERT INTO edms_dictionary_item VALUES("24","Moist","A523","27","27","2016-01-25 19:28:03","2016-01-25 19:28:03");
INSERT INTO edms_dictionary_item VALUES("25","Echo","A200","27","27","2016-01-25 19:28:03","2016-01-25 19:28:03");
INSERT INTO edms_dictionary_item VALUES("26","C10n4","A250","27","27","2016-01-25 19:28:03","2016-01-25 19:28:03");
INSERT INTO edms_dictionary_item VALUES("27","C10n8","A250","27","27","2016-01-25 19:28:03","2016-01-25 19:28:03");
INSERT INTO edms_dictionary_item VALUES("28","Heat","A300","27","27","2016-01-25 19:28:03","2016-01-25 19:28:03");
INSERT INTO edms_dictionary_item VALUES("29","Impact","A512","27","27","2016-01-25 19:28:03","2016-01-25 19:28:03");
INSERT INTO edms_dictionary_item VALUES("30","Mold","A543","27","27","2016-01-25 19:28:03","2016-01-25 19:28:03");
INSERT INTO edms_dictionary_item VALUES("31","Tough","A320","27","27","2016-01-25 19:28:03","2016-01-25 19:28:03");
INSERT INTO edms_dictionary_item VALUES("32","Fibercode","A116","27","27","2016-01-25 19:28:03","2016-01-25 19:28:03");
INSERT INTO edms_dictionary_item VALUES("33","Core","A260","27","27","2016-01-25 19:28:03","2016-01-25 19:28:03");
INSERT INTO edms_dictionary_item VALUES("34","Easy","A200","27","27","2016-01-25 19:28:03","2016-01-25 19:28:03");
INSERT INTO edms_dictionary_item VALUES("35","Joint","A253","27","27","2016-01-25 19:28:03","2016-01-25 19:28:03");
INSERT INTO edms_dictionary_item VALUES("36","Setting","A235","27","27","2016-01-25 19:28:03","2016-01-25 19:28:03");
INSERT INTO edms_dictionary_item VALUES("37","Type","A310","27","27","2016-01-25 19:28:03","2016-01-25 19:28:03");
INSERT INTO edms_dictionary_item VALUES("38","Minutes","A553","27","27","2016-01-25 19:28:03","2016-01-25 19:28:03");
INSERT INTO edms_dictionary_item VALUES("39","Boarl","A164","27","27","2016-01-25 19:28:03","2016-01-25 19:28:03");
INSERT INTO edms_dictionary_item VALUES("40","Plus","A142","27","27","2016-01-25 19:28:03","2016-01-25 19:28:03");
INSERT INTO edms_dictionary_item VALUES("41","Drying","A365","27","27","2016-01-25 19:28:03","2016-01-25 19:28:03");
INSERT INTO edms_dictionary_item VALUES("42","25kg","A200","27","27","2016-01-25 19:28:03","2016-01-25 19:28:03");
INSERT INTO edms_dictionary_item VALUES("43","Sheetrock","A236","27","27","2016-01-25 19:28:03","2016-01-25 19:28:03");
INSERT INTO edms_dictionary_item VALUES("44","Apjc","A120","27","27","2016-01-25 19:28:03","2016-01-25 19:28:03");
INSERT INTO edms_dictionary_item VALUES("45","Ready","A630","27","27","2016-01-25 19:28:03","2016-01-25 19:28:03");
INSERT INTO edms_dictionary_item VALUES("46","30kgpail","A214","27","27","2016-01-25 19:28:03","2016-01-25 19:28:03");
INSERT INTO edms_dictionary_item VALUES("47","Powder","A113","27","27","2016-01-25 19:28:03","2016-01-25 19:28:03");
INSERT INTO edms_dictionary_item VALUES("48","5kgpail","A214","27","27","2016-01-25 19:28:03","2016-01-25 19:28:03");
INSERT INTO edms_dictionary_item VALUES("49","25kgcarton","A263","27","27","2016-01-25 19:28:03","2016-01-25 19:28:03");
INSERT INTO edms_dictionary_item VALUES("50","20kgcarton","A263","27","27","2016-01-25 19:28:04","2016-01-25 19:28:04");
INSERT INTO edms_dictionary_item VALUES("51","Access","A220","27","27","2016-01-25 19:28:04","2016-01-25 19:28:04");
INSERT INTO edms_dictionary_item VALUES("52","Panel","A154","27","27","2016-01-25 19:28:04","2016-01-25 19:28:04");
INSERT INTO edms_dictionary_item VALUES("53","300x300x125mm","A250","27","27","2016-01-25 19:28:04","2016-01-25 19:28:04");
INSERT INTO edms_dictionary_item VALUES("54","450x450x125mm","A250","27","27","2016-01-25 19:28:04","2016-01-25 19:28:04");
INSERT INTO edms_dictionary_item VALUES("55","600x600x125mm","A250","27","27","2016-01-25 19:28:04","2016-01-25 19:28:04");
INSERT INTO edms_dictionary_item VALUES("56","600x900x125mm","A250","27","27","2016-01-25 19:28:04","2016-01-25 19:28:04");
INSERT INTO edms_dictionary_item VALUES("57","Galaxy","A242","27","27","2016-01-25 19:28:04","2016-01-25 19:28:04");
INSERT INTO edms_dictionary_item VALUES("58","12mm","A500","27","27","2016-01-25 19:28:04","2016-01-25 19:28:04");
INSERT INTO edms_dictionary_item VALUES("59","14mm","A500","27","27","2016-01-25 19:28:04","2016-01-25 19:28:04");
INSERT INTO edms_dictionary_item VALUES("60","Radar","A636","27","27","2016-01-25 19:28:04","2016-01-25 19:28:04");
INSERT INTO edms_dictionary_item VALUES("61","Climaplus","A245","27","27","2016-01-25 19:28:04","2016-01-25 19:28:04");
INSERT INTO edms_dictionary_item VALUES("62","15mm","A500","27","27","2016-01-25 19:28:04","2016-01-25 19:28:04");
INSERT INTO edms_dictionary_item VALUES("63","Perf","A161","27","27","2016-01-25 19:28:04","2016-01-25 19:28:04");
INSERT INTO edms_dictionary_item VALUES("64","Olympia","A451","27","27","2016-01-25 19:28:04","2016-01-25 19:28:04");
INSERT INTO edms_dictionary_item VALUES("65","19mm","A500","27","27","2016-01-25 19:28:04","2016-01-25 19:28:04");
INSERT INTO edms_dictionary_item VALUES("66","19mmslt","A524","27","27","2016-01-25 19:28:04","2016-01-25 19:28:04");
INSERT INTO edms_dictionary_item VALUES("67","Starfish","A236","27","27","2016-01-25 19:28:04","2016-01-25 19:28:04");
INSERT INTO edms_dictionary_item VALUES("68","Baloonfish","A145","27","27","2016-01-25 19:28:04","2016-01-25 19:28:04");
INSERT INTO edms_dictionary_item VALUES("69","Planktone","A145","27","27","2016-01-25 19:28:04","2016-01-25 19:28:04");
INSERT INTO edms_dictionary_item VALUES("70","White","A130","27","27","2016-01-25 19:28:04","2016-01-25 19:28:04");
INSERT INTO edms_dictionary_item VALUES("71","Sand","A253","27","27","2016-01-25 19:28:04","2016-01-25 19:28:04");
INSERT INTO edms_dictionary_item VALUES("72","with","A130","27","27","2016-01-25 19:28:04","2016-01-25 19:28:04");
INSERT INTO edms_dictionary_item VALUES("73","Foil","A140","27","27","2016-01-25 19:28:04","2016-01-25 19:28:04");
INSERT INTO edms_dictionary_item VALUES("74","without","A133","27","27","2016-01-25 19:28:05","2016-01-25 19:28:05");
INSERT INTO edms_dictionary_item VALUES("75","Pearl","A164","27","27","2016-01-25 19:28:05","2016-01-25 19:28:05");
INSERT INTO edms_dictionary_item VALUES("76","Echotone","A235","27","27","2016-01-25 19:28:05","2016-01-25 19:28:05");
INSERT INTO edms_dictionary_item VALUES("77","Co1n4","A250","27","27","2016-01-25 19:28:05","2016-01-25 19:28:05");
INSERT INTO edms_dictionary_item VALUES("78","C10n1","A250","27","27","2016-01-25 19:28:05","2016-01-25 19:28:05");
INSERT INTO edms_dictionary_item VALUES("79","R10n2","A650","27","27","2016-01-25 19:28:05","2016-01-25 19:28:05");
INSERT INTO edms_dictionary_item VALUES("80","Tile","A340","27","27","2016-01-25 19:28:05","2016-01-25 19:28:05");
INSERT INTO edms_dictionary_item VALUES("81","Standard","A235","27","27","2016-01-25 19:28:05","2016-01-25 19:28:05");
INSERT INTO edms_dictionary_item VALUES("82","Durock","A362","27","27","2016-01-25 19:28:05","2016-01-25 19:28:05");
INSERT INTO edms_dictionary_item VALUES("83","Next","A523","27","27","2016-01-25 19:28:05","2016-01-25 19:28:05");
INSERT INTO edms_dictionary_item VALUES("84","Base","A120","27","27","2016-01-25 19:28:05","2016-01-25 19:28:05");
INSERT INTO edms_dictionary_item VALUES("85","Coat","A230","27","27","2016-01-25 19:28:05","2016-01-25 19:28:05");
INSERT INTO edms_dictionary_item VALUES("86","Compound","A251","27","27","2016-01-25 19:28:05","2016-01-25 19:28:05");
INSERT INTO edms_dictionary_item VALUES("87","Roll","A640","27","27","2016-01-25 19:28:05","2016-01-25 19:28:05");
INSERT INTO edms_dictionary_item VALUES("88","Size","A220","27","27","2016-01-25 19:28:05","2016-01-25 19:28:05");
INSERT INTO edms_dictionary_item VALUES("89","Paper","A116","27","27","2016-01-25 19:28:05","2016-01-25 19:28:05");
INSERT INTO edms_dictionary_item VALUES("90","Tape","A310","27","27","2016-01-25 19:28:05","2016-01-25 19:28:05");
INSERT INTO edms_dictionary_item VALUES("91","Mtrs-","A536","27","27","2016-01-25 19:28:05","2016-01-25 19:28:05");
INSERT INTO edms_dictionary_item VALUES("92","120m","A500","27","27","2016-01-25 19:28:05","2016-01-25 19:28:05");
INSERT INTO edms_dictionary_item VALUES("93","-roll","A640","27","27","2016-01-25 19:28:05","2016-01-25 19:28:05");
INSERT INTO edms_dictionary_item VALUES("94","Metal","A534","27","27","2016-01-25 19:28:05","2016-01-25 19:28:05");
INSERT INTO edms_dictionary_item VALUES("95","Corner","A265","27","27","2016-01-25 19:28:05","2016-01-25 19:28:05");
INSERT INTO edms_dictionary_item VALUES("96","Mtrs","A536","27","27","2016-01-25 19:28:05","2016-01-25 19:28:05");
INSERT INTO edms_dictionary_item VALUES("97","Usgboral","A216","27","27","2016-01-25 19:28:05","2016-01-25 19:28:05");
INSERT INTO edms_dictionary_item VALUES("98","Perimeter","A165","27","27","2016-01-25 19:28:05","2016-01-25 19:28:05");
INSERT INTO edms_dictionary_item VALUES("99","Channel","A254","27","27","2016-01-25 19:28:05","2016-01-25 19:28:05");
INSERT INTO edms_dictionary_item VALUES("100","Universal","A516","27","27","2016-01-25 19:28:05","2016-01-25 19:28:05");
INSERT INTO edms_dictionary_item VALUES("101","Profiles","A161","27","27","2016-01-25 19:28:05","2016-01-25 19:28:05");
INSERT INTO edms_dictionary_item VALUES("102","Angle","A524","27","27","2016-01-25 19:28:05","2016-01-25 19:28:05");
INSERT INTO edms_dictionary_item VALUES("103","Stud","A233","27","27","2016-01-25 19:28:05","2016-01-25 19:28:05");
INSERT INTO edms_dictionary_item VALUES("104","Chnl","A254","27","27","2016-01-25 19:28:06","2016-01-25 19:28:06");
INSERT INTO edms_dictionary_item VALUES("105","92x30x30x3660x055","A200","27","27","2016-01-25 19:28:06","2016-01-25 19:28:06");
INSERT INTO edms_dictionary_item VALUES("106","92x30x30x3660x070","A200","27","27","2016-01-25 19:28:06","2016-01-25 19:28:06");
INSERT INTO edms_dictionary_item VALUES("107","Chnnl","A254","27","27","2016-01-25 19:28:06","2016-01-25 19:28:06");
INSERT INTO edms_dictionary_item VALUES("108","52x50x50x3660","A200","27","27","2016-01-25 19:28:06","2016-01-25 19:28:06");
INSERT INTO edms_dictionary_item VALUES("109","72x50x50x3660","A200","27","27","2016-01-25 19:28:06","2016-01-25 19:28:06");
INSERT INTO edms_dictionary_item VALUES("110","92x50x50x3660","A200","27","27","2016-01-25 19:28:06","2016-01-25 19:28:06");
INSERT INTO edms_dictionary_item VALUES("111","Sheetrockampampreg","A236","27","27","2016-01-25 19:28:06","2016-01-25 19:28:06");
INSERT INTO edms_dictionary_item VALUES("112","Ceiling","A245","27","27","2016-01-25 19:28:06","2016-01-25 19:28:06");
INSERT INTO edms_dictionary_item VALUES("113","Profiles-","A161","27","27","2016-01-25 19:28:06","2016-01-25 19:28:06");
INSERT INTO edms_dictionary_item VALUES("114","055mm","A500","27","27","2016-01-25 19:28:06","2016-01-25 19:28:06");
INSERT INTO edms_dictionary_item VALUES("115","Sheetrockampampregst55intermediate","A236","27","27","2016-01-25 19:28:06","2016-01-25 19:28:06");
INSERT INTO edms_dictionary_item VALUES("116","090mm","A500","27","27","2016-01-25 19:28:06","2016-01-25 19:28:06");
INSERT INTO edms_dictionary_item VALUES("117","-66mm","A500","27","27","2016-01-25 19:28:06","2016-01-25 19:28:06");
INSERT INTO edms_dictionary_item VALUES("118","3660mm","A500","27","27","2016-01-25 19:28:06","2016-01-25 19:28:06");
INSERT INTO edms_dictionary_item VALUES("119","-50mm","A500","27","27","2016-01-25 19:28:06","2016-01-25 19:28:06");
INSERT INTO edms_dictionary_item VALUES("120","Wall","A140","27","27","2016-01-25 19:28:06","2016-01-25 19:28:06");
INSERT INTO edms_dictionary_item VALUES("121","64mm","A500","27","27","2016-01-25 19:28:06","2016-01-25 19:28:06");
INSERT INTO edms_dictionary_item VALUES("122","Sheetrockampampregst","A236","27","27","2016-01-25 19:28:06","2016-01-25 19:28:06");
INSERT INTO edms_dictionary_item VALUES("123","48mm","A500","27","27","2016-01-25 19:28:06","2016-01-25 19:28:06");
INSERT INTO edms_dictionary_item VALUES("124","Intermediate","A536","27","27","2016-01-25 19:28:07","2016-01-25 19:28:07");
INSERT INTO edms_dictionary_item VALUES("125","Ekoframe","A216","27","27","2016-01-25 19:28:07","2016-01-25 19:28:07");
INSERT INTO edms_dictionary_item VALUES("126","50x27x3660x045","A200","27","27","2016-01-25 19:28:07","2016-01-25 19:28:07");
INSERT INTO edms_dictionary_item VALUES("127","Frame","A165","27","27","2016-01-25 19:28:07","2016-01-25 19:28:07");
INSERT INTO edms_dictionary_item VALUES("128","Main","A550","27","27","2016-01-25 19:28:07","2016-01-25 19:28:07");
INSERT INTO edms_dictionary_item VALUES("129","45x15x3660x07","A200","27","27","2016-01-25 19:28:07","2016-01-25 19:28:07");
INSERT INTO edms_dictionary_item VALUES("130","30x28x18x3660x045","A200","27","27","2016-01-25 19:28:07","2016-01-25 19:28:07");
INSERT INTO edms_dictionary_item VALUES("131","24x10x3050x045","A200","27","27","2016-01-25 19:28:07","2016-01-25 19:28:07");
INSERT INTO edms_dictionary_item VALUES("132","Connect","A252","27","27","2016-01-25 19:28:07","2016-01-25 19:28:07");
INSERT INTO edms_dictionary_item VALUES("133","Wire","A160","27","27","2016-01-25 19:28:07","2016-01-25 19:28:07");
INSERT INTO edms_dictionary_item VALUES("134","Clip","A241","27","27","2016-01-25 19:28:07","2016-01-25 19:28:07");
INSERT INTO edms_dictionary_item VALUES("135","Wafer","A116","27","27","2016-01-25 19:28:07","2016-01-25 19:28:07");
INSERT INTO edms_dictionary_item VALUES("136","Haed","A300","27","27","2016-01-25 19:28:07","2016-01-25 19:28:07");
INSERT INTO edms_dictionary_item VALUES("137","Head","A300","27","27","2016-01-25 19:28:07","2016-01-25 19:28:07");
INSERT INTO edms_dictionary_item VALUES("138","Self","A241","27","27","2016-01-25 19:28:07","2016-01-25 19:28:07");
INSERT INTO edms_dictionary_item VALUES("139","Taping","A315","27","27","2016-01-25 19:28:07","2016-01-25 19:28:07");
INSERT INTO edms_dictionary_item VALUES("140","Screws","A261","27","27","2016-01-25 19:28:07","2016-01-25 19:28:07");
INSERT INTO edms_dictionary_item VALUES("141","-black","A142","27","27","2016-01-25 19:28:07","2016-01-25 19:28:07");
INSERT INTO edms_dictionary_item VALUES("142","Head-","A300","27","27","2016-01-25 19:28:07","2016-01-25 19:28:07");
INSERT INTO edms_dictionary_item VALUES("143","Ch-stud","A223","27","27","2016-01-25 19:28:08","2016-01-25 19:28:08");
INSERT INTO edms_dictionary_item VALUES("144","Resilient","A624","27","27","2016-01-25 19:28:08","2016-01-25 19:28:08");
INSERT INTO edms_dictionary_item VALUES("145","Fixing","A125","27","27","2016-01-25 19:28:08","2016-01-25 19:28:08");
INSERT INTO edms_dictionary_item VALUES("146","Ultra","A436","27","27","2016-01-25 19:28:08","2016-01-25 19:28:08");
INSERT INTO edms_dictionary_item VALUES("147","Flat","A143","27","27","2016-01-25 19:28:08","2016-01-25 19:28:08");
INSERT INTO edms_dictionary_item VALUES("148","Strap","A236","27","27","2016-01-25 19:28:08","2016-01-25 19:28:08");
INSERT INTO edms_dictionary_item VALUES("149","Bead","A130","27","27","2016-01-25 19:28:08","2016-01-25 19:28:08");
INSERT INTO edms_dictionary_item VALUES("150","3000mm","A500","27","27","2016-01-25 19:28:08","2016-01-25 19:28:08");
INSERT INTO edms_dictionary_item VALUES("151","Shadow","A231","27","27","2016-01-25 19:28:08","2016-01-25 19:28:08");
INSERT INTO edms_dictionary_item VALUES("152","Line","A450","27","27","2016-01-25 19:28:08","2016-01-25 19:28:08");
INSERT INTO edms_dictionary_item VALUES("153","Bracket","A162","27","27","2016-01-25 19:28:08","2016-01-25 19:28:08");
INSERT INTO edms_dictionary_item VALUES("154","Insulation","A524","27","27","2016-01-25 19:28:08","2016-01-25 19:28:08");
INSERT INTO edms_dictionary_item VALUES("155","Hold","A430","27","27","2016-01-25 19:28:08","2016-01-25 19:28:08");
INSERT INTO edms_dictionary_item VALUES("156","Deflection","A314","27","27","2016-01-25 19:28:08","2016-01-25 19:28:08");
INSERT INTO edms_dictionary_item VALUES("157","Brace","A162","27","27","2016-01-25 19:28:08","2016-01-25 19:28:08");
INSERT INTO edms_dictionary_item VALUES("158","Soffit","A213","27","27","2016-01-25 19:28:08","2016-01-25 19:28:08");
INSERT INTO edms_dictionary_item VALUES("159","Cleat","A243","27","27","2016-01-25 19:28:08","2016-01-25 19:28:08");
INSERT INTO edms_dictionary_item VALUES("160","Nutampampampbolt","A535","27","27","2016-01-25 19:28:08","2016-01-25 19:28:08");
INSERT INTO edms_dictionary_item VALUES("161","Hilti","A430","27","27","2016-01-25 19:28:08","2016-01-25 19:28:08");
INSERT INTO edms_dictionary_item VALUES("162","Fastner","A123","27","27","2016-01-25 19:28:08","2016-01-25 19:28:08");
INSERT INTO edms_dictionary_item VALUES("163","Connecting","A252","27","27","2016-01-25 19:28:08","2016-01-25 19:28:08");
INSERT INTO edms_dictionary_item VALUES("164","Ultraframe","A436","27","27","2016-01-25 19:28:08","2016-01-25 19:28:08");
INSERT INTO edms_dictionary_item VALUES("165","Connector","A252","27","27","2016-01-25 19:28:08","2016-01-25 19:28:08");
INSERT INTO edms_dictionary_item VALUES("166","Cross","A262","27","27","2016-01-25 19:28:08","2016-01-25 19:28:08");
INSERT INTO edms_dictionary_item VALUES("167","Heavy","A100","27","27","2016-01-25 19:28:08","2016-01-25 19:28:08");
INSERT INTO edms_dictionary_item VALUES("168","Duty","A330","27","27","2016-01-25 19:28:08","2016-01-25 19:28:08");
INSERT INTO edms_dictionary_item VALUES("169","Brass","A162","27","27","2016-01-25 19:28:08","2016-01-25 19:28:08");
INSERT INTO edms_dictionary_item VALUES("170","Anchor","A526","27","27","2016-01-25 19:28:08","2016-01-25 19:28:08");
INSERT INTO edms_dictionary_item VALUES("171","Feet","A130","27","27","2016-01-25 19:28:09","2016-01-25 19:28:09");
INSERT INTO edms_dictionary_item VALUES("172","Grid","A263","27","27","2016-01-25 19:28:09","2016-01-25 19:28:09");
INSERT INTO edms_dictionary_item VALUES("173","Fineline","A154","27","27","2016-01-25 19:28:09","2016-01-25 19:28:09");
INSERT INTO edms_dictionary_item VALUES("174","black","A142","27","27","2016-01-25 19:28:09","2016-01-25 19:28:09");
INSERT INTO edms_dictionary_item VALUES("175","Reveal","A614","27","27","2016-01-25 19:28:09","2016-01-25 19:28:09");
INSERT INTO edms_dictionary_item VALUES("176","Short","A263","27","27","2016-01-25 19:28:09","2016-01-25 19:28:09");
INSERT INTO edms_dictionary_item VALUES("177","Shadowline","A231","27","27","2016-01-25 19:28:09","2016-01-25 19:28:09");
INSERT INTO edms_dictionary_item VALUES("178","10feet","A130","27","27","2016-01-25 19:28:09","2016-01-25 19:28:09");
INSERT INTO edms_dictionary_item VALUES("179","Unilite","A543","27","27","2016-01-25 19:28:09","2016-01-25 19:28:09");
INSERT INTO edms_dictionary_item VALUES("180","Angle-","A524","27","27","2016-01-25 19:28:09","2016-01-25 19:28:09");
INSERT INTO edms_dictionary_item VALUES("181","Alkali","A424","27","27","2016-01-25 19:28:10","2016-01-25 19:28:10");
INSERT INTO edms_dictionary_item VALUES("182","Resistant","A622","27","27","2016-01-25 19:28:10","2016-01-25 19:28:10");
INSERT INTO edms_dictionary_item VALUES("183","Steel","A234","27","27","2016-01-25 19:28:10","2016-01-25 19:28:10");
INSERT INTO edms_dictionary_item VALUES("184","14ampampquot","A515","27","27","2016-01-25 19:28:10","2016-01-25 19:28:10");
INSERT INTO edms_dictionary_item VALUES("185","Beauty","A130","27","27","2016-01-25 19:28:10","2016-01-25 19:28:10");
INSERT INTO edms_dictionary_item VALUES("186","Thick","A320","27","27","2016-01-25 19:28:10","2016-01-25 19:28:10");
INSERT INTO edms_dictionary_item VALUES("187","Edge","A320","27","27","2016-01-25 19:28:10","2016-01-25 19:28:10");
INSERT INTO edms_dictionary_item VALUES("188","tegular","A324","27","27","2016-01-25 19:28:10","2016-01-25 19:28:10");
INSERT INTO edms_dictionary_item VALUES("189","Meteor","A536","27","27","2016-01-25 19:28:10","2016-01-25 19:28:10");
INSERT INTO edms_dictionary_item VALUES("190","Thick-","A320","27","27","2016-01-25 19:28:10","2016-01-25 19:28:10");
INSERT INTO edms_dictionary_item VALUES("191","Comet","A253","27","27","2016-01-25 19:28:10","2016-01-25 19:28:10");
INSERT INTO edms_dictionary_item VALUES("192","Cosmos","A225","27","27","2016-01-25 19:28:10","2016-01-25 19:28:10");
INSERT INTO edms_dictionary_item VALUES("193","Polaris","A146","27","27","2016-01-25 19:28:10","2016-01-25 19:28:10");
INSERT INTO edms_dictionary_item VALUES("194","Drops","A361","27","27","2016-01-25 19:28:10","2016-01-25 19:28:10");
INSERT INTO edms_dictionary_item VALUES("195","192-","A000","27","27","2016-01-25 19:28:10","2016-01-25 19:28:10");
INSERT INTO edms_dictionary_item VALUES("196","Tablet","A314","27","27","2016-01-25 19:28:11","2016-01-25 19:28:11");
INSERT INTO edms_dictionary_item VALUES("197","Snow","A251","27","27","2016-01-25 19:28:11","2016-01-25 19:28:11");
INSERT INTO edms_dictionary_item VALUES("198","Frost","A162","27","27","2016-01-25 19:28:11","2016-01-25 19:28:11");
INSERT INTO edms_dictionary_item VALUES("199","Armgyp","A652","27","27","2016-01-25 19:28:11","2016-01-25 19:28:11");
INSERT INTO edms_dictionary_item VALUES("200","Plain","A145","27","27","2016-01-25 19:28:11","2016-01-25 19:28:11");
INSERT INTO edms_dictionary_item VALUES("201","Classic","A242","27","27","2016-01-25 19:28:11","2016-01-25 19:28:11");
INSERT INTO edms_dictionary_item VALUES("202","microlook","A526","27","27","2016-01-25 19:28:11","2016-01-25 19:28:11");
INSERT INTO edms_dictionary_item VALUES("203","Max-","A520","27","27","2016-01-25 19:28:11","2016-01-25 19:28:11");
INSERT INTO edms_dictionary_item VALUES("204","Lite","A430","27","27","2016-01-25 19:28:11","2016-01-25 19:28:11");
INSERT INTO edms_dictionary_item VALUES("205","16mm","A500","27","27","2016-01-25 19:28:11","2016-01-25 19:28:11");
INSERT INTO edms_dictionary_item VALUES("206","-16mm","A500","27","27","2016-01-25 19:28:11","2016-01-25 19:28:11");
INSERT INTO edms_dictionary_item VALUES("207","Fine","A150","27","27","2016-01-25 19:28:11","2016-01-25 19:28:11");
INSERT INTO edms_dictionary_item VALUES("208","Fissured","A126","27","27","2016-01-25 19:28:11","2016-01-25 19:28:11");
INSERT INTO edms_dictionary_item VALUES("209","Dune","A350","27","27","2016-01-25 19:28:11","2016-01-25 19:28:11");
INSERT INTO edms_dictionary_item VALUES("210","Minatuff","A553","27","27","2016-01-25 19:28:12","2016-01-25 19:28:12");
INSERT INTO edms_dictionary_item VALUES("211","sabbia","A210","27","27","2016-01-25 19:28:12","2016-01-25 19:28:12");
INSERT INTO edms_dictionary_item VALUES("212","20mm","A500","27","27","2016-01-25 19:28:12","2016-01-25 19:28:12");
INSERT INTO edms_dictionary_item VALUES("213","Ultima","A435","27","27","2016-01-25 19:28:12","2016-01-25 19:28:12");
INSERT INTO edms_dictionary_item VALUES("214","Contrast","A253","27","27","2016-01-25 19:28:12","2016-01-25 19:28:12");
INSERT INTO edms_dictionary_item VALUES("215","Circle","A262","27","27","2016-01-25 19:28:12","2016-01-25 19:28:12");
INSERT INTO edms_dictionary_item VALUES("216","Square","A260","27","27","2016-01-25 19:28:12","2016-01-25 19:28:12");
INSERT INTO edms_dictionary_item VALUES("217","Suprema","A216","27","27","2016-01-25 19:28:12","2016-01-25 19:28:12");
INSERT INTO edms_dictionary_item VALUES("218","Guard","A263","27","27","2016-01-25 19:28:12","2016-01-25 19:28:12");
INSERT INTO edms_dictionary_item VALUES("219","Acoustic","A223","27","27","2016-01-25 19:28:12","2016-01-25 19:28:12");
INSERT INTO edms_dictionary_item VALUES("220","Ceramaguard","A265","27","27","2016-01-25 19:28:13","2016-01-25 19:28:13");
INSERT INTO edms_dictionary_item VALUES("221","Visual","A124","27","27","2016-01-25 19:28:13","2016-01-25 19:28:13");
INSERT INTO edms_dictionary_item VALUES("222","Lotus","A432","27","27","2016-01-25 19:28:13","2016-01-25 19:28:13");
INSERT INTO edms_dictionary_item VALUES("223","Planks","A145","27","27","2016-01-25 19:28:13","2016-01-25 19:28:13");
INSERT INTO edms_dictionary_item VALUES("224","k2c2","A200","27","27","2016-01-25 19:28:13","2016-01-25 19:28:13");
INSERT INTO edms_dictionary_item VALUES("225","Techozone","A322","27","27","2016-01-25 19:28:13","2016-01-25 19:28:13");
INSERT INTO edms_dictionary_item VALUES("226","Optra","A136","27","27","2016-01-25 19:28:13","2016-01-25 19:28:13");
INSERT INTO edms_dictionary_item VALUES("227","Pebbel","A114","27","27","2016-01-25 19:28:13","2016-01-25 19:28:13");
INSERT INTO edms_dictionary_item VALUES("228","Accoustical","A223","27","27","2016-01-25 19:28:14","2016-01-25 19:28:14");
INSERT INTO edms_dictionary_item VALUES("229","Cubes","A212","27","27","2016-01-25 19:28:14","2016-01-25 19:28:14");
INSERT INTO edms_dictionary_item VALUES("230","Columns","A245","27","27","2016-01-25 19:28:14","2016-01-25 19:28:14");
INSERT INTO edms_dictionary_item VALUES("231","Impaler","A514","27","27","2016-01-25 19:28:14","2016-01-25 19:28:14");
INSERT INTO edms_dictionary_item VALUES("232","Woodworks","A131","27","27","2016-01-25 19:28:14","2016-01-25 19:28:14");
INSERT INTO edms_dictionary_item VALUES("233","Channeled","A254","27","27","2016-01-25 19:28:14","2016-01-25 19:28:14");
INSERT INTO edms_dictionary_item VALUES("234","Panel-","A154","27","27","2016-01-25 19:28:14","2016-01-25 19:28:14");
INSERT INTO edms_dictionary_item VALUES("235","G14-royal","A264","27","27","2016-01-25 19:28:14","2016-01-25 19:28:14");
INSERT INTO edms_dictionary_item VALUES("236","Cherry","A260","27","27","2016-01-25 19:28:14","2016-01-25 19:28:14");
INSERT INTO edms_dictionary_item VALUES("237","-2440x128x15mm","A250","27","27","2016-01-25 19:28:14","2016-01-25 19:28:14");
INSERT INTO edms_dictionary_item VALUES("238","G14-us","A220","27","27","2016-01-25 19:28:14","2016-01-25 19:28:14");
INSERT INTO edms_dictionary_item VALUES("239","Maple","A514","27","27","2016-01-25 19:28:14","2016-01-25 19:28:14");
INSERT INTO edms_dictionary_item VALUES("240","-2440x128x","A200","27","27","2016-01-25 19:28:14","2016-01-25 19:28:14");
INSERT INTO edms_dictionary_item VALUES("241","G14-maple","A251","27","27","2016-01-25 19:28:15","2016-01-25 19:28:15");
INSERT INTO edms_dictionary_item VALUES("242","128x","A200","27","27","2016-01-25 19:28:15","2016-01-25 19:28:15");
INSERT INTO edms_dictionary_item VALUES("243","G14-black","A214","27","27","2016-01-25 19:28:15","2016-01-25 19:28:15");
INSERT INTO edms_dictionary_item VALUES("244","Walnut-","A145","27","27","2016-01-25 19:28:15","2016-01-25 19:28:15");
INSERT INTO edms_dictionary_item VALUES("245","G28-royal","A264","27","27","2016-01-25 19:28:15","2016-01-25 19:28:15");
INSERT INTO edms_dictionary_item VALUES("246","G28-us","A220","27","27","2016-01-25 19:28:15","2016-01-25 19:28:15");
INSERT INTO edms_dictionary_item VALUES("247","G28-maple","A251","27","27","2016-01-25 19:28:15","2016-01-25 19:28:15");
INSERT INTO edms_dictionary_item VALUES("248","G28-black","A214","27","27","2016-01-25 19:28:15","2016-01-25 19:28:15");
INSERT INTO edms_dictionary_item VALUES("249","Alumunium","A455","27","27","2016-01-25 19:28:15","2016-01-25 19:28:15");
INSERT INTO edms_dictionary_item VALUES("250","Extruded","A236","27","27","2016-01-25 19:28:15","2016-01-25 19:28:15");
INSERT INTO edms_dictionary_item VALUES("251","Keel","A240","27","27","2016-01-25 19:28:15","2016-01-25 19:28:15");
INSERT INTO edms_dictionary_item VALUES("252","Clips","A241","27","27","2016-01-25 19:28:15","2016-01-25 19:28:15");
INSERT INTO edms_dictionary_item VALUES("253","Border","A163","27","27","2016-01-25 19:28:15","2016-01-25 19:28:15");
INSERT INTO edms_dictionary_item VALUES("254","Inside","A523","27","27","2016-01-25 19:28:15","2016-01-25 19:28:15");
INSERT INTO edms_dictionary_item VALUES("255","600x600","A200","27","27","2016-01-25 19:28:15","2016-01-25 19:28:15");
INSERT INTO edms_dictionary_item VALUES("256","Fleece","A142","27","27","2016-01-25 19:28:15","2016-01-25 19:28:15");
INSERT INTO edms_dictionary_item VALUES("257","Prelude","A164","27","27","2016-01-25 19:28:15","2016-01-25 19:28:15");
INSERT INTO edms_dictionary_item VALUES("258","Runner","A656","27","27","2016-01-25 19:28:15","2016-01-25 19:28:15");
INSERT INTO edms_dictionary_item VALUES("259","1200mm","A500","27","27","2016-01-25 19:28:15","2016-01-25 19:28:15");
INSERT INTO edms_dictionary_item VALUES("260","600mm","A500","27","27","2016-01-25 19:28:15","2016-01-25 19:28:15");
INSERT INTO edms_dictionary_item VALUES("261","Suprafine","A216","27","27","2016-01-25 19:28:15","2016-01-25 19:28:15");
INSERT INTO edms_dictionary_item VALUES("262","3600mm","A500","27","27","2016-01-25 19:28:16","2016-01-25 19:28:16");
INSERT INTO edms_dictionary_item VALUES("263","Silhoute","A243","27","27","2016-01-25 19:28:16","2016-01-25 19:28:16");
INSERT INTO edms_dictionary_item VALUES("264","Silh","A240","27","27","2016-01-25 19:28:16","2016-01-25 19:28:16");
INSERT INTO edms_dictionary_item VALUES("265","Runner-","A656","27","27","2016-01-25 19:28:16","2016-01-25 19:28:16");
INSERT INTO edms_dictionary_item VALUES("266","45mm","A500","27","27","2016-01-25 19:28:16","2016-01-25 19:28:16");
INSERT INTO edms_dictionary_item VALUES("267","Runner-n","A656","27","27","2016-01-25 19:28:16","2016-01-25 19:28:16");
INSERT INTO edms_dictionary_item VALUES("268","38mm","A500","27","27","2016-01-25 19:28:16","2016-01-25 19:28:16");
INSERT INTO edms_dictionary_item VALUES("269","Select","A242","27","27","2016-01-25 19:28:17","2016-01-25 19:28:17");
INSERT INTO edms_dictionary_item VALUES("270","Stabilizer","A231","27","27","2016-01-25 19:28:17","2016-01-25 19:28:17");
INSERT INTO edms_dictionary_item VALUES("271","060m","A500","27","27","2016-01-25 19:28:17","2016-01-25 19:28:17");
INSERT INTO edms_dictionary_item VALUES("272","Hanger","A526","27","27","2016-01-25 19:28:17","2016-01-25 19:28:17");
INSERT INTO edms_dictionary_item VALUES("273","Length","A452","27","27","2016-01-25 19:28:17","2016-01-25 19:28:17");
INSERT INTO edms_dictionary_item VALUES("274","18mtr","A536","27","27","2016-01-25 19:28:17","2016-01-25 19:28:17");
INSERT INTO edms_dictionary_item VALUES("275","Hook","A200","27","27","2016-01-25 19:28:17","2016-01-25 19:28:17");
INSERT INTO edms_dictionary_item VALUES("276","Assembly","A251","27","27","2016-01-25 19:28:17","2016-01-25 19:28:17");
INSERT INTO edms_dictionary_item VALUES("277","Fasteners","A123","27","27","2016-01-25 19:28:17","2016-01-25 19:28:17");
INSERT INTO edms_dictionary_item VALUES("278","Vertical","A163","27","27","2016-01-25 19:28:17","2016-01-25 19:28:17");
INSERT INTO edms_dictionary_item VALUES("279","Hole","A400","27","27","2016-01-25 19:28:17","2016-01-25 19:28:17");
INSERT INTO edms_dictionary_item VALUES("280","Security","A226","27","27","2016-01-25 19:28:18","2016-01-25 19:28:18");
INSERT INTO edms_dictionary_item VALUES("281","Spring","A216","27","27","2016-01-25 19:28:18","2016-01-25 19:28:18");
INSERT INTO edms_dictionary_item VALUES("282","Clamp","A245","27","27","2016-01-25 19:28:18","2016-01-25 19:28:18");
INSERT INTO edms_dictionary_item VALUES("283","Dp12","A310","27","27","2016-01-25 19:28:18","2016-01-25 19:28:18");
INSERT INTO edms_dictionary_item VALUES("284","Carrier","A266","27","27","2016-01-25 19:28:18","2016-01-25 19:28:18");
INSERT INTO edms_dictionary_item VALUES("285","Mrultra","A564","27","27","2016-01-25 19:28:18","2016-01-25 19:28:18");
INSERT INTO edms_dictionary_item VALUES("286","Duraline","A364","27","27","2016-01-25 19:28:18","2016-01-25 19:28:18");
INSERT INTO edms_dictionary_item VALUES("287","ampampndash","A515","27","27","2016-01-25 19:28:18","2016-01-25 19:28:18");
INSERT INTO edms_dictionary_item VALUES("288","Compound-25kg","A251","27","27","2016-01-25 19:28:18","2016-01-25 19:28:18");
INSERT INTO edms_dictionary_item VALUES("289","Compound-","A251","27","27","2016-01-25 19:28:18","2016-01-25 19:28:18");
INSERT INTO edms_dictionary_item VALUES("290","Gypsteel","A212","27","27","2016-01-25 19:28:18","2016-01-25 19:28:18");
INSERT INTO edms_dictionary_item VALUES("291","Section","A223","27","27","2016-01-25 19:28:18","2016-01-25 19:28:18");
INSERT INTO edms_dictionary_item VALUES("292","Gypframe","A216","27","27","2016-01-25 19:28:18","2016-01-25 19:28:18");
INSERT INTO edms_dictionary_item VALUES("293","Gichannel","A225","27","27","2016-01-25 19:28:19","2016-01-25 19:28:19");
INSERT INTO edms_dictionary_item VALUES("294","ampampldquogyprocampamprdquo","A515","27","27","2016-01-25 19:28:19","2016-01-25 19:28:19");
INSERT INTO edms_dictionary_item VALUES("295","Plug","A142","27","27","2016-01-25 19:28:19","2016-01-25 19:28:19");
INSERT INTO edms_dictionary_item VALUES("296","Roll-90","A640","27","27","2016-01-25 19:28:19","2016-01-25 19:28:19");
INSERT INTO edms_dictionary_item VALUES("297","-board","A163","27","27","2016-01-25 19:28:19","2016-01-25 19:28:19");
INSERT INTO edms_dictionary_item VALUES("298","Everest","A162","27","27","2016-01-25 19:28:19","2016-01-25 19:28:19");
INSERT INTO edms_dictionary_item VALUES("299","Make","A520","27","27","2016-01-25 19:28:19","2016-01-25 19:28:19");
INSERT INTO edms_dictionary_item VALUES("300","Designer","A322","27","27","2016-01-25 19:28:19","2016-01-25 19:28:19");
INSERT INTO edms_dictionary_item VALUES("301","Tiles","A342","27","27","2016-01-25 19:28:19","2016-01-25 19:28:19");
INSERT INTO edms_dictionary_item VALUES("302","Ocenaic","A252","27","27","2016-01-25 19:28:19","2016-01-25 19:28:19");
INSERT INTO edms_dictionary_item VALUES("303","Cascade","A223","27","27","2016-01-25 19:28:20","2016-01-25 19:28:20");
INSERT INTO edms_dictionary_item VALUES("304","Lake","A420","27","27","2016-01-25 19:28:20","2016-01-25 19:28:20");
INSERT INTO edms_dictionary_item VALUES("305","ampampamp","A515","27","27","2016-01-25 19:28:20","2016-01-25 19:28:20");
INSERT INTO edms_dictionary_item VALUES("306","Hill","A400","27","27","2016-01-25 19:28:20","2016-01-25 19:28:20");
INSERT INTO edms_dictionary_item VALUES("307","Hill-","A400","27","27","2016-01-25 19:28:20","2016-01-25 19:28:20");
INSERT INTO edms_dictionary_item VALUES("308","Electra","A423","27","27","2016-01-25 19:28:20","2016-01-25 19:28:20");
INSERT INTO edms_dictionary_item VALUES("309","Electra-","A423","27","27","2016-01-25 19:28:20","2016-01-25 19:28:20");
INSERT INTO edms_dictionary_item VALUES("310","-grid","A263","27","27","2016-01-25 19:28:20","2016-01-25 19:28:20");
INSERT INTO edms_dictionary_item VALUES("311","-wall","A140","27","27","2016-01-25 19:28:20","2016-01-25 19:28:20");
INSERT INTO edms_dictionary_item VALUES("312","-25mm","A500","27","27","2016-01-25 19:28:20","2016-01-25 19:28:20");
INSERT INTO edms_dictionary_item VALUES("313","1510-","A000","27","27","2016-01-25 19:28:21","2016-01-25 19:28:21");
INSERT INTO edms_dictionary_item VALUES("314","Channel-8","A254","27","27","2016-01-25 19:28:21","2016-01-25 19:28:21");
INSERT INTO edms_dictionary_item VALUES("315","Channel-12","A254","27","27","2016-01-25 19:28:21","2016-01-25 19:28:21");
INSERT INTO edms_dictionary_item VALUES("316","Fiber","A116","27","27","2016-01-25 19:28:21","2016-01-25 19:28:21");
INSERT INTO edms_dictionary_item VALUES("317","Butter","A136","27","27","2016-01-25 19:28:21","2016-01-25 19:28:21");
INSERT INTO edms_dictionary_item VALUES("318","Coach","A220","27","27","2016-01-25 19:28:21","2016-01-25 19:28:21");
INSERT INTO edms_dictionary_item VALUES("319","Bolt","A143","27","27","2016-01-25 19:28:21","2016-01-25 19:28:21");
INSERT INTO edms_dictionary_item VALUES("320","Giwire","A216","27","27","2016-01-25 19:28:22","2016-01-25 19:28:22");
INSERT INTO edms_dictionary_item VALUES("321","Freight","A162","27","27","2016-02-24 15:42:11","2016-02-24 15:42:11");
INSERT INTO edms_dictionary_item VALUES("322","Charges","A262","27","27","2016-02-24 15:42:11","2016-02-24 15:42:11");
INSERT INTO edms_dictionary_item VALUES("323","12quot","A230","27","27","2016-03-17 20:16:33","2016-03-17 20:16:33");
INSERT INTO edms_dictionary_item VALUES("324","Pipe","A110","27","27","2016-05-05 17:34:35","2016-05-05 17:34:35");
INSERT INTO edms_dictionary_item VALUES("325","Material","A536","27","27","2016-05-05 17:36:15","2016-05-05 17:36:15");
INSERT INTO edms_dictionary_item VALUES("326","Round","A653","27","27","2016-05-05 17:37:24","2016-05-05 17:37:24");
INSERT INTO edms_dictionary_item VALUES("327","Labour","A416","27","27","2016-05-30 17:59:12","2016-05-30 17:59:12");



INSERT INTO edms_driver VALUES("1","Vrushank","9824143009","0","1","566","0","15000","85","27","27","2016-07-21 19:52:07","2016-07-21 19:52:07","4","");
INSERT INTO edms_driver VALUES("2","Jeet Patel","9824143009","0","2","567","1","200","3.5","27","27","2016-07-21 19:57:49","2016-07-21 19:57:49","5","rutvik1061992@gmail.com");



INSERT INTO edms_fare_category VALUES("1","R1","27","27","2016-07-19 15:05:54","2016-07-19 15:05:54");
INSERT INTO edms_fare_category VALUES("2","R2","27","27","2016-07-26 16:54:17","2016-07-26 16:54:17");






INSERT INTO edms_fuel_type VALUES("1","Petrol");
INSERT INTO edms_fuel_type VALUES("2","Diesel");
INSERT INTO edms_fuel_type VALUES("3","Cng");



INSERT INTO edms_godown VALUES("6","Tap And Type","","2","2","27","27","2015-02-19 12:21:28","2015-02-19 12:21:28");






INSERT INTO edms_groups VALUES("1","R1","27","27","2016-11-25 16:06:49","2016-11-25 16:06:49");



INSERT INTO edms_human_proof_type VALUES("1","PAN CARD");
INSERT INTO edms_human_proof_type VALUES("2","Driving Licence");
INSERT INTO edms_human_proof_type VALUES("3","Election Card");
INSERT INTO edms_human_proof_type VALUES("4","Electric Bill");
INSERT INTO edms_human_proof_type VALUES("5","Phone Bill");
INSERT INTO edms_human_proof_type VALUES("6","Others");



INSERT INTO edms_insurance_company VALUES("1","Others","27","27","2013-08-01 14:47:52","2013-08-01 14:47:52");
INSERT INTO edms_insurance_company VALUES("2","Tata Aig","27","27","2013-08-02 12:07:50","2013-08-02 12:07:50");
INSERT INTO edms_insurance_company VALUES("3","Bharti Axa","27","27","2013-08-02 12:22:21","2013-08-02 12:22:21");
INSERT INTO edms_insurance_company VALUES("4","Icici","27","27","2013-08-02 12:42:55","2013-08-02 12:42:55");
INSERT INTO edms_insurance_company VALUES("5","United India","27","27","2013-08-02 16:01:49","2013-08-02 16:01:49");
INSERT INTO edms_insurance_company VALUES("6","The New India Assurance","27","27","2013-08-02 19:31:40","2013-08-02 19:31:40");
INSERT INTO edms_insurance_company VALUES("7","Iffco Tokio","27","27","2013-08-03 16:17:16","2013-08-03 16:17:16");















INSERT INTO edms_invoice_types VALUES("4","Retail","Retail Invoice","164","RET","2","0");
INSERT INTO edms_invoice_types VALUES("6","tax","Tax Invoice","2","TAX","2","1");



INSERT INTO edms_item_manufacturer VALUES("1","Zykron","","0","27","27","2016-01-25 19:28:01","2016-01-25 19:28:01");
INSERT INTO edms_item_manufacturer VALUES("2","Hilux","","0","27","27","2016-01-25 19:28:02","2016-01-25 19:28:02");
INSERT INTO edms_item_manufacturer VALUES("3","Usg","","0","27","27","2016-01-25 19:28:02","2016-01-25 19:28:02");
INSERT INTO edms_item_manufacturer VALUES("4","Armstrong","","0","27","27","2016-01-25 19:28:10","2016-01-25 19:28:10");
INSERT INTO edms_item_manufacturer VALUES("5","Gypsum","","0","27","27","2016-01-25 19:28:18","2016-01-25 19:28:18");
INSERT INTO edms_item_manufacturer VALUES("6","Everest","","0","27","27","2016-01-25 19:28:19","2016-01-25 19:28:19");
INSERT INTO edms_item_manufacturer VALUES("7","Local","","0","27","27","2016-01-25 19:28:21","2016-01-25 19:28:21");
INSERT INTO edms_item_manufacturer VALUES("8","Weidmueller","","0","27","27","2016-02-02 15:50:05","2016-02-02 15:50:05");



INSERT INTO edms_item_type VALUES("1","Lubricants","1","27","27","2014-08-12 08:53:40","2014-08-12 08:53:40");
INSERT INTO edms_item_type VALUES("2","General","1","27","27","2014-08-12 08:53:48","2014-08-12 08:53:48");
INSERT INTO edms_item_type VALUES("3","Labour / Service","0","27","27","2014-08-26 14:19:56","2014-08-26 14:19:56");



INSERT INTO edms_item_unit VALUES("2","Ltr","27","27","2014-08-26 14:39:20","2014-08-26 14:39:20");
INSERT INTO edms_item_unit VALUES("3","Kg","27","27","2014-08-26 14:39:24","2014-08-26 14:39:24");
INSERT INTO edms_item_unit VALUES("4","Piece","27","27","2014-08-26 14:39:45","2014-08-26 14:39:45");
INSERT INTO edms_item_unit VALUES("5","Hr","27","27","2014-08-26 14:39:53","2014-08-26 14:39:53");
INSERT INTO edms_item_unit VALUES("6","Per Sq M","27","27","2015-11-30 19:08:12","2015-11-30 19:08:12");
INSERT INTO edms_item_unit VALUES("7","Not Applicable","27","27","2016-05-30 17:35:28","2016-05-30 17:35:28");





















INSERT INTO edms_job_description VALUES("1","Steering Wheel Hard Problem","27","27","2014-08-26 12:51:07","2014-08-26 12:51:07");
INSERT INTO edms_job_description VALUES("3","This Is A Tes1","27","27","2014-09-01 09:38:17","2014-09-01 09:38:17");
INSERT INTO edms_job_description VALUES("4","Tes 2","27","27","2014-09-01 09:38:17","2014-09-01 09:38:17");
INSERT INTO edms_job_description VALUES("5","Test 1","27","27","2014-09-01 09:52:42","2014-09-01 09:52:42");
INSERT INTO edms_job_description VALUES("6","Test 2","27","27","2014-09-01 09:52:42","2014-09-01 09:52:42");
INSERT INTO edms_job_description VALUES("7","Sanket Comlaint","27","27","2014-09-01 12:46:02","2014-09-01 12:46:02");
INSERT INTO edms_job_description VALUES("8","Dsihadiu","27","27","2014-09-01 12:46:02","2014-09-01 12:46:02");
INSERT INTO edms_job_description VALUES("9","Steering Hard","27","27","2014-09-01 15:18:45","2014-09-01 15:18:45");
INSERT INTO edms_job_description VALUES("10","Oil Change","28","28","2014-10-16 17:53:49","2014-10-16 17:53:49");



INSERT INTO edms_job_work_done VALUES("1","Oil Change","27","27","2014-08-26 13:32:40","2014-08-26 13:32:40");
INSERT INTO edms_job_work_done VALUES("3","Test 1","27","27","2014-09-01 09:38:17","2014-09-01 09:38:17");
INSERT INTO edms_job_work_done VALUES("4","Test 2","27","27","2014-09-01 09:38:17","2014-09-01 09:38:17");
INSERT INTO edms_job_work_done VALUES("5","Lubi","27","27","2014-09-01 12:46:02","2014-09-01 12:46:02");



INSERT INTO edms_loan_payment_settings VALUES("1","kucYwBlmjhaIhXEgSkvqpA2uGCSIDleH9if2J92FCxI=","saahK3sYjxNRc","1");
INSERT INTO edms_loan_payment_settings VALUES("2","kucYwBlmjhaIhXEgSkvqpA2uGCSIDleH9if2J92FCxI=","saS2sX4WwN/z6","2");
INSERT INTO edms_loan_payment_settings VALUES("3","kucYwBlmjhaIhXEgSkvqpA2uGCSIDleH9if2J92FCxI=","saKYwX.HjgdwU","3");
INSERT INTO edms_loan_payment_settings VALUES("4","kucYwBlmjhaIhXEgSkvqpA2uGCSIDleH9if2J92FCxI=","saMBFTfoB.ZX6","4");
INSERT INTO edms_loan_payment_settings VALUES("5","FOrSDeJbQlsUGBWL5kqEE0CGHfgFxLulXY7L5cZCCZE=","saFLGt/QKS6yw","5");



INSERT INTO edms_our_company VALUES("2","BALAJI ENTERPRISE","Ahmedabad.","380015","2","00076","5","1","428","5","TAP","","NA","27","27","2015-02-19 11:47:29","2016-03-15 18:55:00","0","1970-01-01","0","1970-01-01","5","1","1","1","1","2","8","3","2","1970-01-01");






INSERT INTO edms_prefix VALUES("1","Mr.");
INSERT INTO edms_prefix VALUES("3","Ms.");
INSERT INTO edms_prefix VALUES("4","M/s");



INSERT INTO edms_product_desc VALUES("1","2013-2014");
INSERT INTO edms_product_desc VALUES("2","2014-2015");






INSERT INTO edms_receipt_type VALUES("0","Normal","27","27","2014-11-02 00:00:00","2014-11-02 00:00:00");
INSERT INTO edms_receipt_type VALUES("101","RTO","27","27","2014-11-02 00:00:00","2014-11-02 00:00:00");
INSERT INTO edms_receipt_type VALUES("103","Insurance","27","27","2014-11-02 18:12:50","2014-11-02 18:12:50");
INSERT INTO edms_receipt_type VALUES("104","Advance Booking","27","27","2014-11-04 00:00:00","2014-11-04 00:00:00");
INSERT INTO edms_receipt_type VALUES("105","Vehicle Passing","27","27","2014-11-04 00:00:00","2014-11-04 00:00:00");
INSERT INTO edms_receipt_type VALUES("106","Vehicle Name Transfer","27","27","2014-11-04 00:00:00","2014-11-04 00:00:00");
INSERT INTO edms_receipt_type VALUES("107","Vehicle NOC","27","27","2014-11-04 00:00:00","2014-11-04 00:00:00");
INSERT INTO edms_receipt_type VALUES("108","Loan HP Cancel","27","27","2014-11-04 00:00:00","2014-11-04 00:00:00");
INSERT INTO edms_receipt_type VALUES("109","KP finance","27","27","2014-11-05 00:00:00","2014-11-05 00:00:00");
INSERT INTO edms_receipt_type VALUES("110","Viraj Financ","27","27","2014-11-05 00:00:00","2014-11-05 00:00:00");
INSERT INTO edms_receipt_type VALUES("111","LG Traders","27","27","2014-11-05 00:00:00","2014-11-05 00:00:00");
INSERT INTO edms_receipt_type VALUES("112","Bhatia finance","27","27","2014-11-05 00:00:00","2014-11-05 00:00:00");
INSERT INTO edms_receipt_type VALUES("113","E M I","28","28","2014-11-26 13:52:51","2014-11-26 13:52:51");



INSERT INTO edms_rel_admin_right VALUES("3","28","1");
INSERT INTO edms_rel_admin_right VALUES("5","29","1");
INSERT INTO edms_rel_admin_right VALUES("8","27","7");
INSERT INTO edms_rel_admin_right VALUES("9","27","199");
INSERT INTO edms_rel_admin_right VALUES("10","28","7");
INSERT INTO edms_rel_admin_right VALUES("11","28","199");
INSERT INTO edms_rel_admin_right VALUES("16","30","7");
INSERT INTO edms_rel_admin_right VALUES("17","30","199");
INSERT INTO edms_rel_admin_right VALUES("18","30","1");
INSERT INTO edms_rel_admin_right VALUES("23","31","1");
INSERT INTO edms_rel_admin_right VALUES("26","31","4");
INSERT INTO edms_rel_admin_right VALUES("27","31","5");
INSERT INTO edms_rel_admin_right VALUES("28","31","6");
INSERT INTO edms_rel_admin_right VALUES("29","31","7");
INSERT INTO edms_rel_admin_right VALUES("30","31","101");
INSERT INTO edms_rel_admin_right VALUES("31","31","105");
INSERT INTO edms_rel_admin_right VALUES("32","31","199");
INSERT INTO edms_rel_admin_right VALUES("33","32","7");
INSERT INTO edms_rel_admin_right VALUES("34","32","199");
INSERT INTO edms_rel_admin_right VALUES("35","32","1");
INSERT INTO edms_rel_admin_right VALUES("36","29","7");
INSERT INTO edms_rel_admin_right VALUES("37","29","199");
INSERT INTO edms_rel_admin_right VALUES("38","33","2");
INSERT INTO edms_rel_admin_right VALUES("39","33","3");
INSERT INTO edms_rel_admin_right VALUES("40","33","4");
INSERT INTO edms_rel_admin_right VALUES("41","33","5");
INSERT INTO edms_rel_admin_right VALUES("42","33","6");
INSERT INTO edms_rel_admin_right VALUES("43","33","7");
INSERT INTO edms_rel_admin_right VALUES("44","33","8");
INSERT INTO edms_rel_admin_right VALUES("45","33","101");
INSERT INTO edms_rel_admin_right VALUES("46","33","105");
INSERT INTO edms_rel_admin_right VALUES("47","33","199");
INSERT INTO edms_rel_admin_right VALUES("48","33","1");
INSERT INTO edms_rel_admin_right VALUES("49","34","7");
INSERT INTO edms_rel_admin_right VALUES("50","34","199");
INSERT INTO edms_rel_admin_right VALUES("51","34","1");
INSERT INTO edms_rel_admin_right VALUES("52","35","7");
INSERT INTO edms_rel_admin_right VALUES("53","35","199");
INSERT INTO edms_rel_admin_right VALUES("54","35","1");
INSERT INTO edms_rel_admin_right VALUES("55","36","7");
INSERT INTO edms_rel_admin_right VALUES("56","36","199");
INSERT INTO edms_rel_admin_right VALUES("57","36","1");
INSERT INTO edms_rel_admin_right VALUES("58","37","7");
INSERT INTO edms_rel_admin_right VALUES("59","37","199");
INSERT INTO edms_rel_admin_right VALUES("60","37","1");
INSERT INTO edms_rel_admin_right VALUES("61","38","7");
INSERT INTO edms_rel_admin_right VALUES("62","38","199");
INSERT INTO edms_rel_admin_right VALUES("63","38","1");
INSERT INTO edms_rel_admin_right VALUES("64","39","7");
INSERT INTO edms_rel_admin_right VALUES("65","39","199");
INSERT INTO edms_rel_admin_right VALUES("66","39","1");
INSERT INTO edms_rel_admin_right VALUES("67","40","7");
INSERT INTO edms_rel_admin_right VALUES("68","40","199");
INSERT INTO edms_rel_admin_right VALUES("69","40","1");
INSERT INTO edms_rel_admin_right VALUES("70","41","7");
INSERT INTO edms_rel_admin_right VALUES("71","41","199");
INSERT INTO edms_rel_admin_right VALUES("72","41","1");
INSERT INTO edms_rel_admin_right VALUES("73","42","7");
INSERT INTO edms_rel_admin_right VALUES("74","42","199");
INSERT INTO edms_rel_admin_right VALUES("75","42","1");
INSERT INTO edms_rel_admin_right VALUES("76","43","7");
INSERT INTO edms_rel_admin_right VALUES("77","43","199");
INSERT INTO edms_rel_admin_right VALUES("78","43","1");
INSERT INTO edms_rel_admin_right VALUES("79","44","7");
INSERT INTO edms_rel_admin_right VALUES("80","44","199");
INSERT INTO edms_rel_admin_right VALUES("81","44","1");
INSERT INTO edms_rel_admin_right VALUES("82","45","7");
INSERT INTO edms_rel_admin_right VALUES("83","45","199");
INSERT INTO edms_rel_admin_right VALUES("84","45","1");
INSERT INTO edms_rel_admin_right VALUES("85","46","2");
INSERT INTO edms_rel_admin_right VALUES("86","46","5");
INSERT INTO edms_rel_admin_right VALUES("87","46","8");
INSERT INTO edms_rel_admin_right VALUES("88","46","9");
INSERT INTO edms_rel_admin_right VALUES("89","46","199");
INSERT INTO edms_rel_admin_right VALUES("90","46","1");
INSERT INTO edms_rel_admin_right VALUES("91","47","7");
INSERT INTO edms_rel_admin_right VALUES("92","47","199");
INSERT INTO edms_rel_admin_right VALUES("93","47","1");
























INSERT INTO edms_route_fare VALUES("1","1","1","200","1","0");
INSERT INTO edms_route_fare VALUES("2","1","2","175","1","0");
INSERT INTO edms_route_fare VALUES("3","2","1","200","1","0");
INSERT INTO edms_route_fare VALUES("4","2","1","180","2","0");
INSERT INTO edms_route_fare VALUES("5","1","2","100","2","200");
INSERT INTO edms_route_fare VALUES("6","3","2","250","1","150");
INSERT INTO edms_route_fare VALUES("7","4","2","200","1","150");



INSERT INTO edms_route_group VALUES("1","Odhav Group","27","27","2016-07-19 15:57:12","2016-07-19 15:57:12");
INSERT INTO edms_route_group VALUES("2","Kathwada Group","27","27","2016-07-19 15:57:19","2016-07-19 15:57:19");



INSERT INTO edms_routes VALUES("1","566","567","27","27","2016-07-19 16:29:02","2016-07-19 16:29:02","1");
INSERT INTO edms_routes VALUES("2","571","570","27","27","2016-07-26 16:54:43","2016-07-26 16:54:43","2");
INSERT INTO edms_routes VALUES("3","566","569","27","27","2016-09-07 16:11:33","2016-09-07 16:11:33","1");
INSERT INTO edms_routes VALUES("4","569","566","27","27","2016-11-23 13:23:29","2016-11-23 13:23:29","1");






INSERT INTO edms_service_check VALUES("1","Air Filter","0","27","27","2014-08-25 08:53:48","2014-08-25 08:53:48");
INSERT INTO edms_service_check VALUES("2","Gear Oil","0","27","27","2014-08-25 11:13:28","2014-08-25 11:13:28");
INSERT INTO edms_service_check VALUES("3","Engine Oil","0","27","27","2014-08-25 11:13:48","2014-08-25 11:13:48");
INSERT INTO edms_service_check VALUES("4","Diesel Filter Element","0","27","27","2014-08-25 11:14:21","2014-08-25 11:14:21");
INSERT INTO edms_service_check VALUES("5","Rear View Mirror","2","27","27","2014-08-25 11:20:35","2014-08-25 11:20:35");
INSERT INTO edms_service_check VALUES("6","Oil Filter Element","0","27","27","2014-09-01 07:36:32","2014-09-01 07:36:32");
INSERT INTO edms_service_check VALUES("7","Diffrential Oil","0","27","27","2014-09-01 07:36:54","2014-09-01 07:36:54");
INSERT INTO edms_service_check VALUES("8","Tyre Rotation  Wear And Damage","0","27","27","2014-09-01 07:37:29","2014-09-01 07:37:29");
INSERT INTO edms_service_check VALUES("9","Brake Fluid","0","27","27","2014-09-01 07:37:36","2014-09-01 07:37:36");
INSERT INTO edms_service_check VALUES("10","Brake Shoe","0","27","27","2014-09-01 07:37:56","2014-09-01 07:37:56");
INSERT INTO edms_service_check VALUES("11","All Mtg. Bolts And Wheel Nut","0","27","27","2014-09-01 07:38:20","2014-09-01 07:38:20");
INSERT INTO edms_service_check VALUES("12","Lights","1","27","27","2014-09-01 07:38:29","2014-09-01 07:38:29");
INSERT INTO edms_service_check VALUES("13","Speedo Meter Working","0","27","27","2014-09-01 07:38:40","2014-09-01 07:38:40");
INSERT INTO edms_service_check VALUES("14","Controls Check","1","27","27","2014-09-01 07:38:50","2014-09-01 07:38:50");
INSERT INTO edms_service_check VALUES("15","Lubrication","1","27","27","2014-09-01 07:39:01","2014-09-01 07:39:01");
INSERT INTO edms_service_check VALUES("16","Battery Service","1","27","27","2014-09-01 07:39:10","2014-09-01 07:39:10");
INSERT INTO edms_service_check VALUES("17","Spare Wheel","2","27","27","2014-09-01 07:39:21","2014-09-01 07:39:21");
INSERT INTO edms_service_check VALUES("18","Rubber Mats","2","27","27","2014-09-01 07:39:30","2014-09-01 07:39:30");
INSERT INTO edms_service_check VALUES("19","Audio System","2","27","27","2014-09-01 07:39:43","2014-09-01 07:39:43");
INSERT INTO edms_service_check VALUES("20","Battery","2","27","27","2014-09-01 07:39:49","2014-09-01 07:39:49");
INSERT INTO edms_service_check VALUES("21","Tool Kit","2","27","27","2014-09-01 07:40:13","2014-09-01 07:40:13");
INSERT INTO edms_service_check VALUES("22","Jack","2","27","27","2014-09-01 07:40:17","2014-09-01 07:40:17");
INSERT INTO edms_service_check VALUES("23","Wheel Cap","2","27","27","2014-09-01 07:40:23","2014-09-01 07:40:23");
INSERT INTO edms_service_check VALUES("24","Fuel Quantity","0","27","27","2014-09-01 07:40:55","2014-09-01 07:40:55");



INSERT INTO edms_service_check_values VALUES("2","Cleaning","1","27","27","2014-08-25 11:12:33","2014-08-25 11:12:33");
INSERT INTO edms_service_check_values VALUES("3","Replace Element","1","27","27","2014-08-25 11:12:44","2014-08-25 11:12:44");
INSERT INTO edms_service_check_values VALUES("4","Top Up","2","27","27","2014-08-25 11:13:35","2014-08-25 11:13:35");
INSERT INTO edms_service_check_values VALUES("5","Replace","2","27","27","2014-08-25 11:13:40","2014-08-25 11:13:40");
INSERT INTO edms_service_check_values VALUES("6","Top Up","3","27","27","2014-08-25 11:13:56","2014-08-25 11:13:56");
INSERT INTO edms_service_check_values VALUES("7","Replace","3","27","27","2014-08-25 11:14:01","2014-08-25 11:14:01");
INSERT INTO edms_service_check_values VALUES("8","Replace","4","27","27","2014-08-25 11:14:29","2014-08-25 11:14:29");
INSERT INTO edms_service_check_values VALUES("14","No","5","27","27","2014-08-25 11:27:47","2014-08-25 11:27:47");
INSERT INTO edms_service_check_values VALUES("15","Yes","5","27","27","2014-08-25 11:27:47","2014-08-25 11:27:47");
INSERT INTO edms_service_check_values VALUES("16","Replace","6","27","27","2014-09-01 07:36:40","2014-09-01 07:36:40");
INSERT INTO edms_service_check_values VALUES("17","No","17","27","27","2014-09-01 07:39:21","2014-09-01 07:39:21");
INSERT INTO edms_service_check_values VALUES("18","Yes","17","27","27","2014-09-01 07:39:21","2014-09-01 07:39:21");
INSERT INTO edms_service_check_values VALUES("19","No","18","27","27","2014-09-01 07:39:30","2014-09-01 07:39:30");
INSERT INTO edms_service_check_values VALUES("20","Yes","18","27","27","2014-09-01 07:39:30","2014-09-01 07:39:30");
INSERT INTO edms_service_check_values VALUES("21","No","19","27","27","2014-09-01 07:39:43","2014-09-01 07:39:43");
INSERT INTO edms_service_check_values VALUES("22","Yes","19","27","27","2014-09-01 07:39:43","2014-09-01 07:39:43");
INSERT INTO edms_service_check_values VALUES("23","No","20","27","27","2014-09-01 07:39:49","2014-09-01 07:39:49");
INSERT INTO edms_service_check_values VALUES("24","Yes","20","27","27","2014-09-01 07:39:49","2014-09-01 07:39:49");
INSERT INTO edms_service_check_values VALUES("25","No","21","27","27","2014-09-01 07:40:13","2014-09-01 07:40:13");
INSERT INTO edms_service_check_values VALUES("26","Yes","21","27","27","2014-09-01 07:40:13","2014-09-01 07:40:13");
INSERT INTO edms_service_check_values VALUES("27","No","22","27","27","2014-09-01 07:40:17","2014-09-01 07:40:17");
INSERT INTO edms_service_check_values VALUES("28","Yes","22","27","27","2014-09-01 07:40:17","2014-09-01 07:40:17");
INSERT INTO edms_service_check_values VALUES("29","No","23","27","27","2014-09-01 07:40:23","2014-09-01 07:40:23");
INSERT INTO edms_service_check_values VALUES("30","Yes","23","27","27","2014-09-01 07:40:23","2014-09-01 07:40:23");
INSERT INTO edms_service_check_values VALUES("31","Electrolyte Level Check","16","27","27","2014-09-01 07:41:12","2014-09-01 07:41:12");
INSERT INTO edms_service_check_values VALUES("32","Top Up","16","27","27","2014-09-01 07:41:15","2014-09-01 07:41:15");
INSERT INTO edms_service_check_values VALUES("33","Condition","16","27","27","2014-09-01 07:41:22","2014-09-01 07:41:22");
INSERT INTO edms_service_check_values VALUES("34","Voltage Check","16","27","27","2014-09-01 07:41:28","2014-09-01 07:41:28");
INSERT INTO edms_service_check_values VALUES("35","Clutch Lever Play","14","27","27","2014-09-01 07:41:43","2014-09-01 07:41:43");
INSERT INTO edms_service_check_values VALUES("36","Accelerator Play","14","27","27","2014-09-01 07:41:53","2014-09-01 07:41:53");
INSERT INTO edms_service_check_values VALUES("37","Brake Pedal Play","14","27","27","2014-09-01 07:42:01","2014-09-01 07:42:01");
INSERT INTO edms_service_check_values VALUES("38","All Controls Cable Assy","14","27","27","2014-09-01 07:42:14","2014-09-01 07:42:14");
INSERT INTO edms_service_check_values VALUES("39","Check Hl","12","27","27","2014-09-01 07:42:37","2014-09-01 07:42:37");
INSERT INTO edms_service_check_values VALUES("40","Tl","12","27","27","2014-09-01 07:42:45","2014-09-01 07:42:45");
INSERT INTO edms_service_check_values VALUES("41","Bl","12","27","27","2014-09-01 07:42:49","2014-09-01 07:42:49");
INSERT INTO edms_service_check_values VALUES("42","Horn","12","27","27","2014-09-01 07:42:53","2014-09-01 07:42:53");
INSERT INTO edms_service_check_values VALUES("43","Indicators","12","27","27","2014-09-01 07:42:58","2014-09-01 07:42:58");
INSERT INTO edms_service_check_values VALUES("44","Transmission Shaft","15","27","27","2014-09-01 07:43:15","2014-09-01 07:43:15");
INSERT INTO edms_service_check_values VALUES("45","Leaf Spring","15","27","27","2014-09-01 07:43:21","2014-09-01 07:43:21");
INSERT INTO edms_service_check_values VALUES("46","Trailing Link And Brake Pedal","15","27","27","2014-09-01 07:43:32","2014-09-01 07:43:32");
INSERT INTO edms_service_check_values VALUES("47","Fare Meter Through Grease Nipple","15","27","27","2014-09-01 07:43:48","2014-09-01 07:43:48");
INSERT INTO edms_service_check_values VALUES("48","Clean","11","27","27","2014-09-01 07:43:59","2014-09-01 07:43:59");
INSERT INTO edms_service_check_values VALUES("49","Top Up","9","27","27","2014-09-01 07:44:08","2014-09-01 07:44:08");
INSERT INTO edms_service_check_values VALUES("50","Replace","9","27","27","2014-09-01 07:44:11","2014-09-01 07:44:11");
INSERT INTO edms_service_check_values VALUES("51","Clean","10","27","27","2014-09-01 07:44:21","2014-09-01 07:44:21");
INSERT INTO edms_service_check_values VALUES("52","Wear Check","10","27","27","2014-09-01 07:44:28","2014-09-01 07:44:28");
INSERT INTO edms_service_check_values VALUES("53","Replace","10","27","27","2014-09-01 07:44:32","2014-09-01 07:44:32");
INSERT INTO edms_service_check_values VALUES("54","Top Up","7","27","27","2014-09-01 07:44:45","2014-09-01 07:44:45");
INSERT INTO edms_service_check_values VALUES("55","Replace","7","27","27","2014-09-01 07:44:48","2014-09-01 07:44:48");
INSERT INTO edms_service_check_values VALUES("56","1/2 Ltr","24","27","27","2014-09-01 07:45:11","2014-09-01 07:45:11");
INSERT INTO edms_service_check_values VALUES("57","1 Ltr","24","27","27","2014-09-01 07:45:18","2014-09-01 07:45:18");
INSERT INTO edms_service_check_values VALUES("58","3 Ltrs","24","27","27","2014-09-01 07:45:23","2014-09-01 07:45:23");
INSERT INTO edms_service_check_values VALUES("59","3.5 Ltrs","24","27","27","2014-09-01 07:45:30","2014-09-01 07:45:30");
INSERT INTO edms_service_check_values VALUES("60","Check","13","27","27","2014-09-01 07:45:52","2014-09-01 07:45:52");
INSERT INTO edms_service_check_values VALUES("61","Check","8","27","27","2014-09-01 07:46:00","2014-09-01 07:46:00");



INSERT INTO edms_service_types VALUES("1","Warranty","27","27","2014-08-26 12:54:19","2014-08-26 12:54:19");
INSERT INTO edms_service_types VALUES("2","Ext Warranty","27","27","2014-08-26 12:54:30","2014-08-26 12:54:30");
INSERT INTO edms_service_types VALUES("3","Paid Service","27","27","2014-08-26 12:54:32","2014-08-26 12:54:32");
INSERT INTO edms_service_types VALUES("4","Major Job","27","27","2014-08-26 12:54:40","2014-08-26 12:54:40");
INSERT INTO edms_service_types VALUES("5","Free Coupon Service","27","27","2014-08-31 23:55:02","2014-08-31 23:55:02");
INSERT INTO edms_service_types VALUES("6","Accident Job","27","27","2014-09-01 07:35:10","2014-09-01 07:35:10");
INSERT INTO edms_service_types VALUES("7","Atul Viswas","27","27","2014-09-01 07:35:30","2014-09-01 07:35:30");
INSERT INTO edms_service_types VALUES("8","Atul Viswas Plus / Amc","27","27","2014-09-01 07:35:38","2014-09-01 07:35:38");
INSERT INTO edms_service_types VALUES("9","PDI","27","27","2014-11-03 00:00:00","2014-11-03 00:00:00");






INSERT INTO edms_shipping_locations VALUES("6","Pioneer Engineering Works","27, Gopinath Estate II, Near Soni ni Chali BRTS","","2","570","Jitendra Patel","9825317267","00:00:00","00:00:00","NA","0","1665","1");
INSERT INTO edms_shipping_locations VALUES("11","Abc","abgybdsyg","line 3","2","570","NA","9825317267","00:00:00","00:00:00","NA","0","1666","1");
INSERT INTO edms_shipping_locations VALUES("14","Rutvik Mehta","jodhpur park soc","","2","568","jeet r patel","9824143009","00:00:00","00:00:00","NA","0","1664","1");
INSERT INTO edms_shipping_locations VALUES("15","Jeet Patel","54, Rangin Park Soc","","2","566","jeet r patel","9824143009","00:00:00","00:00:00","NA","0","1663","1");
INSERT INTO edms_shipping_locations VALUES("16","shankar chemicals","phase 2","vatva","2","569","dadhichi mehta","9825779182","00:00:00","00:00:00","NA","0","1663","0");
INSERT INTO edms_shipping_locations VALUES("17","jeet patel","54, Rangin Park Soc, S.G.Highway. Bodakdev","Rangin Park Soc","2","566","jeet patel","9824143009","01:00:00","02:00:00","water bottle","20","1664","0");
INSERT INTO edms_shipping_locations VALUES("18","sanket jasani","304, swatantrata 2","","2","569","NA","9824143009","00:00:00","00:00:00","NA","0","1663","0");






INSERT INTO edms_sub_routes VALUES("1","Nh8","12","1");
INSERT INTO edms_sub_routes VALUES("2","Viratnagar Route","5","2");






INSERT INTO edms_tax_class VALUES("2","Purchase @ 12.5%",NULL);
INSERT INTO edms_tax_class VALUES("3","Sales @ 12.5%",NULL);
INSERT INTO edms_tax_class VALUES("4","Not applicable",NULL);
INSERT INTO edms_tax_class VALUES("5","Sales @ 4%",NULL);
INSERT INTO edms_tax_class VALUES("6","Purchase @ 4%",NULL);
INSERT INTO edms_tax_class VALUES("7","Cst @ 2% w c form (interstate)","1");
INSERT INTO edms_tax_class VALUES("10","Cst @ 5% w/o c form (interstate)",NULL);



INSERT INTO edms_tax_forms VALUES("1","C form");
INSERT INTO edms_tax_forms VALUES("2","H form");






INSERT INTO edms_technician VALUES("1","Jeet Patel");









INSERT INTO edms_trip VALUES("2","2016-09-07 16:17:18","15","16","2","2","250","27","27","2016-09-07 16:17:25","2016-09-07 16:17:25","1","1663");
INSERT INTO edms_trip VALUES("3","2016-09-23 14:38:06","15","16","2","2","250","27","27","2016-09-23 14:39:34","2016-09-23 14:39:34","1","1663");
INSERT INTO edms_trip VALUES("4","2016-11-23 13:22:37","16","15","2","2","200","27","27","2016-11-23 13:24:03","2016-11-23 13:24:03","1","1663");
INSERT INTO edms_trip VALUES("5","2016-11-23 14:05:48","16","15","2","2","200","27","27","2016-11-23 14:06:15","2016-11-23 14:06:15","1","1663");
INSERT INTO edms_trip VALUES("6","2016-11-23 14:14:11","16","15","2","2","200","27","27","2016-11-23 14:14:36","2016-11-23 14:14:36","1","1663");
INSERT INTO edms_trip VALUES("7","2016-11-23 16:28:32","16","15","2","2","200","27","27","2016-11-23 16:28:40","2016-11-23 16:28:40","1","1663");
INSERT INTO edms_trip VALUES("8","2016-11-23 17:59:54","16","15","2","2","200","27","27","2016-11-23 18:00:00","2016-11-23 18:00:00","1","1663");
INSERT INTO edms_trip VALUES("9","2016-11-23 18:16:35","16","15","2","2","200","27","27","2016-11-23 18:16:42","2016-11-23 18:16:42","1","1663");
INSERT INTO edms_trip VALUES("10","2016-11-25 15:49:13","18","15","2",NULL,"200","27","27","2016-11-25 15:49:19","2016-11-25 15:49:19","1","1663");
INSERT INTO edms_trip VALUES("11","2016-11-25 16:41:27","18","15","2",NULL,"200","27","27","2016-11-25 16:41:33","2016-11-25 16:41:33","1","1663");
INSERT INTO edms_trip VALUES("12","2016-11-25 17:30:32","18","15","2",NULL,"200","27","27","2016-11-25 17:30:39","2016-11-25 17:30:39","1","1663");
INSERT INTO edms_trip VALUES("13","2016-11-25 17:32:51","18","15","2",NULL,"200","27","27","2016-11-25 17:32:57","2016-11-25 17:32:57","1","1663");
INSERT INTO edms_trip VALUES("14","2016-11-25 17:34:30","18","15","2",NULL,"200","27","27","2016-11-25 17:34:34","2016-11-25 17:34:34","1","1663");
INSERT INTO edms_trip VALUES("15","2016-11-25 17:46:59","18","15","2",NULL,"200","27","27","2016-11-25 17:47:03","2016-11-25 17:47:03","1","1663");
INSERT INTO edms_trip VALUES("16","2016-11-25 17:47:39","18","15","2",NULL,"200","27","27","2016-11-25 17:47:43","2016-11-25 17:47:43","1","1663");
INSERT INTO edms_trip VALUES("17","2016-11-26 14:42:22","18","15","2","2","200","27","27","2016-11-26 14:42:31","2016-11-26 16:45:03","1","1663");
INSERT INTO edms_trip VALUES("18","2016-11-26 16:48:30","18","15","2","2","200","27","27","2016-11-26 16:48:36","2016-11-26 16:49:01","1","1663");



INSERT INTO edms_trip_driver_accepted VALUES("1","2","17","23.0212709,72.5545883","1970-01-01 00:00:00");
INSERT INTO edms_trip_driver_accepted VALUES("2","2","17","23.0212709,72.5545883","1970-01-01 00:00:00");
INSERT INTO edms_trip_driver_accepted VALUES("3","2","17","23.0212709,72.5545883","1970-01-01 00:00:00");
INSERT INTO edms_trip_driver_accepted VALUES("4","2","17","23.0212709,72.5545883","1970-01-01 00:00:00");
INSERT INTO edms_trip_driver_accepted VALUES("5","2","17","23.0212709,72.5545883","1970-01-01 00:00:00");
INSERT INTO edms_trip_driver_accepted VALUES("6","2","17","23.0212709,72.5545883","1970-01-01 00:00:00");
INSERT INTO edms_trip_driver_accepted VALUES("7","2","17","23.0212709,72.5545883","1970-01-01 00:00:00");
INSERT INTO edms_trip_driver_accepted VALUES("8","2","17","23.0212709,72.5545883","1970-01-01 00:00:00");
INSERT INTO edms_trip_driver_accepted VALUES("9","2","17","23.0212709,72.5545883","1970-01-01 00:00:00");
INSERT INTO edms_trip_driver_accepted VALUES("10","2","17","23.0212709,72.5545883","1970-01-01 00:00:00");
INSERT INTO edms_trip_driver_accepted VALUES("11","2","18","23.0213211,72.5546345","1480-06-07 00:00:00");
INSERT INTO edms_trip_driver_accepted VALUES("12","2","58","23.0264373,72.5147981","1970-01-01 00:00:00");



INSERT INTO edms_trip_status VALUES("1","New");
INSERT INTO edms_trip_status VALUES("2","Driver Allocated");
INSERT INTO edms_trip_status VALUES("3","Loading");
INSERT INTO edms_trip_status VALUES("4","Trip started");
INSERT INTO edms_trip_status VALUES("5","Unloading");
INSERT INTO edms_trip_status VALUES("6","Finished");









INSERT INTO edms_vehicle_color VALUES("3","Green");
INSERT INTO edms_vehicle_color VALUES("4","Verde");
INSERT INTO edms_vehicle_color VALUES("5","Tata Blue");
INSERT INTO edms_vehicle_color VALUES("6","White");
INSERT INTO edms_vehicle_color VALUES("7","Apple Green");
INSERT INTO edms_vehicle_color VALUES("8","Red");



INSERT INTO edms_vehicle_company VALUES("26","TVS MOTOR CO. LTD.");
INSERT INTO edms_vehicle_company VALUES("27","ATUL SHAKTI");
INSERT INTO edms_vehicle_company VALUES("28","ATUL SHAKTI SMART");
INSERT INTO edms_vehicle_company VALUES("29","ATUL SHAKTI PASSANGER");
INSERT INTO edms_vehicle_company VALUES("30","ATUL GEM");
INSERT INTO edms_vehicle_company VALUES("31","ROAD MASTER");
INSERT INTO edms_vehicle_company VALUES("32","ATUL GEMINI");
INSERT INTO edms_vehicle_company VALUES("33","VIKRAM");
INSERT INTO edms_vehicle_company VALUES("34","BAJAJ");
INSERT INTO edms_vehicle_company VALUES("35","BULET");
INSERT INTO edms_vehicle_company VALUES("36","APE PIAGIO");






























INSERT INTO edms_vehicle_type VALUES("1","Tata Ace","27","27","2014-07-03 14:49:28","2014-07-03 14:49:28");
INSERT INTO edms_vehicle_type VALUES("2","Atul Loading","28","28","2014-09-02 15:09:29","2014-09-02 15:09:29");



